"macro_code","macro_name","macro_n_speakers","macro_endangerment","member_code","member_name","member_endonym","member_n_speakers","member_endangerment","glottocode","wikidata_id","status","iso_639_3"
"aka",NA,NA,NA,"fat","Fanti",NA,1900000,NA,"fant1241","Q35570","A","fat"
"aka",NA,NA,NA,"twi",NA,NA,NA,NA,NA,NA,"A",NA
"ara",NA,NA,NA,"aao","Algerian Saharan Arabic",NA,310000,"Not endangered","alge1240","Q56725","A","aao"
"ara",NA,NA,NA,"abh","Tajiki Arabic",NA,NA,"Definitely endangered","taji1248","Q56833","A","abh"
"ara",NA,NA,NA,"abv","Baharna Arabic","العربية البحرانية",730000,"Not endangered","baha1259","Q56576","A","abv"
"ara",NA,NA,NA,"acm","Mesopotamian Arabic","لهجة بلاد ما بين النهرين",1.7e+07,"Not endangered","meso1252","Q56232","A","acm"
"ara",NA,NA,NA,"acq","Ta'Izzi-Adeni Arabic","لهجة تعزية-عدنية",1.2e+07,"Not endangered","taiz1242","Q56579","A","acq"
"ara",NA,NA,NA,"acw","Hijazi Arabic","حجازي",1.1e+07,"Not endangered","hija1235","Q56608","A","acw"
"ara",NA,NA,NA,"acx","Omani Arabic","اللهجة العمانية",3200000,"Not endangered","oman1239","Q56630","A","acx"
"ara",NA,NA,NA,"acy","Cypriot Arabic",NA,NA,"Definitely endangered","cypr1248","Q56416","A","acy"
"ara",NA,NA,NA,"adf","Dhofari Arabic",NA,130000,"Not endangered","dhof1235","Q56565","A","adf"
"ara",NA,NA,NA,"aeb","Tunisian Arabic","Tounsi",NA,"Not endangered","tuni1259","Q56240","A","aeb"
"ara",NA,NA,NA,"aec","Saidi Arabic","صعيدى",2.5e+07,"Not endangered","said1239","Q56592","A","aec"
"ara",NA,NA,NA,"afb","Gulf Arabic","خليجي",NA,"Not endangered","gulf1241","Q56385","A","afb"
"ara",NA,NA,NA,"ajp","South Levantine Arabic",NA,NA,"Not endangered","sout3123","Q55633582","R","ajp"
"ara",NA,NA,NA,"apc","North Levantine Arabic","اللهجة الشامية",NA,"Not endangered","nort3139","Q22809485","A","apc"
"ara",NA,NA,NA,"apd","Sudanese Arabic","لهجة سودانية",3.7e+07,"Not endangered","suda1236","Q56573","A","apd"
"ara",NA,NA,NA,"arb","Standard Arabic",NA,NA,"Not endangered","stan1318","Q56467","A","arb"
"ara",NA,NA,NA,"arq","Algerian Arabic","الدارجة الجزائرية",3.6e+07,"Not endangered","alge1239","Q56499","A","arq"
"ara",NA,NA,NA,"ars","Najdi Arabic",NA,1e+06,"Not endangered","najd1235","Q56574","A","ars"
"ara",NA,NA,NA,"ary","Moroccan Arabic","الداريجة المغريبية",3.1e+07,"Not endangered","moro1292","Q56426","A","ary"
"ara",NA,NA,NA,"arz","Egyptian Arabic","اللغه المصريه الحديثه",7.8e+07,"Not endangered","egyp1253","Q29919","A","arz"
"ara",NA,NA,NA,"auz","Uzbeki Arabic",NA,NA,"Definitely endangered","uzbe1248","Q3399507","A","auz"
"ara",NA,NA,NA,"avl","Eastern Egyptian Bedawi Arabic",NA,2800000,"Not endangered","east2690","Q56714","A","avl"
"ara",NA,NA,NA,"ayh","Hadrami Arabic",NA,5100000,"Not endangered","hadr1236","Q3510366","A","ayh"
"ara",NA,NA,NA,"ayl","Libyan Arabic","ليبي",5600000,"Not endangered","liby1240","Q56503","A","ayl"
"ara",NA,NA,NA,"ayn","Sanaani Arabic",NA,1.3e+07,"Not endangered","sana1295","Q1686766","A","ayn"
"ara",NA,NA,NA,"ayp","North Mesopotamian Arabic","لهجة موصلية",1e+07,"Not endangered","nort3142","Q56577","A","ayp"
"ara",NA,NA,NA,"bbz",NA,NA,NA,NA,NA,NA,"R",NA
"ara",NA,NA,NA,"pga","Sudanese Creole Arabic",NA,250000,"Not endangered","suda1237","Q1262143","A","pga"
"ara",NA,NA,NA,"shu","Chadian Arabic","لهجة تشادية",2300000,"Not endangered","chad1249","Q56497","A","shu"
"ara",NA,NA,NA,"ssh","Shihhi Arabic",NA,38000,"Not endangered","shih1239","Q56571","A","ssh"
"aym",NA,NA,NA,"ayc","Southern Aymara",NA,NA,"Not endangered","sout2996","Q3508036","A","ayc"
"aym",NA,NA,NA,"ayr","Central Aymara",NA,1700000,"Vulnerable","cent2142","Q20526610","A","ayr"
"aze",NA,NA,NA,"azb","South Azerbaijani","تۆرکجه",2.4e+07,"Not endangered","sout2697","Q3449805","A","azb"
"aze",NA,NA,NA,"azj","North Azerbaijani",NA,2.4e+07,"Not endangered","nort2697","Q3515311","A","azj"
"bal","Balochi",6100000,NA,"bcc","Southern Balochi","بلوچی‎",3800000,"Not endangered","sout2642","Q12634001","A","bcc"
"bal","Balochi",6100000,NA,"bgn","Western Balochi","رخشانین بلوچی",1300000,"Not endangered","west2368","Q12645561","A","bgn"
"bal","Balochi",6100000,NA,"bgp","Eastern Balochi","بلوچی",1800000,"Not endangered","east2304","Q12952252","A","bgp"
"bik","Bikol",3300000,NA,"bcl","Central Bikol","Bikol Sentral",2500000,"Not endangered","cent2087","Q33284","A","bcl"
"bik","Bikol",3300000,NA,"bhk",NA,NA,NA,NA,NA,NA,"R",NA
"bik","Bikol",3300000,NA,"bln","Southern Catanduanes Bikol",NA,140000,"Not endangered","sout2912","Q7569754","A","bln"
"bik","Bikol",3300000,NA,"bto","Rinconada Bikol","Rinconada",310000,"Not endangered","irig1242","Q12633026","A","bto"
"bik","Bikol",3300000,NA,"cts","Northern Catanduanes Bikol",NA,78000,"Not endangered","nort2883","Q7130477","A","cts"
"bik","Bikol",3300000,NA,"fbl","West Albay Bikol",NA,2500000,NA,NA,NA,"A","fbl"
"bik","Bikol",3300000,NA,"lbl","Libon Bikol",NA,NA,"Not endangered","libo1242","Q18664462","A","lbl"
"bik","Bikol",3300000,NA,"rbl","Miraya Bikol",NA,3e+05,NA,NA,NA,"A","rbl"
"bik","Bikol",3300000,NA,"ubl","Buhi'Non Bikol",NA,NA,"Not endangered","buhi1243","Q18664494","A","ubl"
"bnc","Bontok",41000,NA,"ebk","Eastern Bontok",NA,41000,NA,NA,NA,"A","ebk"
"bnc","Bontok",41000,NA,"lbk","Central Bontok",NA,20000,"Not endangered","cent2292","Q63257803","A","lbk"
"bnc","Bontok",41000,NA,"obk","Southern Bontok",NA,NA,NA,NA,NA,"A","obk"
"bnc","Bontok",41000,NA,"rbk","Northern Bontok",NA,NA,NA,NA,NA,"A","rbk"
"bnc","Bontok",41000,NA,"vbk","Southwestern Bontok",NA,NA,NA,NA,NA,"A","vbk"
"bua","Buriat",440000,NA,"bxm","Mongolia Buriat",NA,NA,"Vulnerable","mong1330","Q12637238","A","bxm"
"bua","Buriat",440000,NA,"bxr","Russia Buriat","Буряад хэлэн",NA,"Definitely endangered","russ1264","Q16116629","A","bxr"
"bua","Buriat",440000,NA,"bxu","China Buriat",NA,NA,"Vulnerable","chin1476","Q20527417","A","bxu"
"chm","Mari",520000,NA,"mhr","Eastern Mari","олык марий",470000,"Vulnerable","east2328","Q3906614","A","mhr"
"chm","Mari",520000,NA,"mrj","Western Mari","Мары йӹлмӹ",30000,"Vulnerable","west2392",NA,"A","mrj"
"cre",NA,NA,NA,"crj","Southern East Cree",NA,13000,"Vulnerable","sout2978","Q12953464","A","crj"
"cre",NA,NA,NA,"crk","Plains Cree",NA,4100,"Severely endangered","plai1258","Q56699","A","crk"
"cre",NA,NA,NA,"crl","Northern East Cree",NA,380,"Vulnerable","nort1552","Q12642195","A","crl"
"cre",NA,NA,NA,"crm","Moose Cree",NA,3000,"Vulnerable","moos1236","Q3446671","A","crm"
"cre",NA,NA,NA,"csw","Swampy Cree",NA,1800,"Vulnerable","swam1239","Q56696","A","csw"
"cre",NA,NA,NA,"cwd","Woods Cree",NA,35000,"Vulnerable","wood1236","Q56305","A","cwd"
"del","Delaware",2,NA,"umu","Munsee",NA,2,"Critically endangered","muns1251","Q56547","A","umu"
"del","Delaware",2,NA,"unm","Unami",NA,0,"Extinct","unam1242","Q3549180","A","unm"
"den","Slave",2300,NA,"scs","North Slavey",NA,2100,"Definitely endangered","nort2942","Q20628","A","scs"
"den","Slave",2300,NA,"xsl","South Slavey",NA,NA,"Definitely endangered","sout2959","Q28552","A","xsl"
"din","Dinka",4200000,NA,"dib","South Central Dinka",NA,250000,"Not endangered","sout2833","Q35154","A","dib"
"din","Dinka",4200000,NA,"dik","Southwestern Dinka",NA,450000,"Not endangered","sout2832","Q36540","A","dik"
"din","Dinka",4200000,NA,"dip","Northeastern Dinka",NA,5320000,"Not endangered","nort2815","Q36246","A","dip"
"din","Dinka",4200000,NA,"diw","Northwestern Dinka",NA,NA,"Not endangered","nort2816","Q36249","A","diw"
"din","Dinka",4200000,NA,"dks","Southeastern Dinka",NA,250000,"Not endangered","sout2834","Q36538","A","dks"
"doi","Dogri",2700000,NA,"dgo","Dogri",NA,2300000,"Not endangered","dogr1250","Q32730","A","dgo"
"doi","Dogri",2700000,NA,"xnr","Kangri","कांगड़ी",2100000,"Definitely endangered","kang1280","Q2331560","A","xnr"
"est",NA,NA,NA,"ekk","Standard Estonian","eesti",NA,"Not endangered","esto1258","Q12361545","A","ekk"
"est",NA,NA,NA,"vro","Võro","Võro kiil",70000,"Vulnerable","sout2679","Q32762","A","vro"
"fas",NA,NA,NA,"pes","Iranian Persian",NA,1.2e+07,"Not endangered","west2369","Q3513637","A","pes"
"fas",NA,NA,NA,"prs","Dari",NA,9600000,"Not endangered","dari1249","Q178440","A","prs"
"ful",NA,NA,NA,"ffm","Maasina Fulfulde",NA,1500000,"Not endangered","maas1239","Q3915322","A","ffm"
"ful",NA,NA,NA,"fub","Adamawa Fulfulde",NA,NA,"Not endangered","adam1253","Q34776","A","fub"
"ful",NA,NA,NA,"fuc","Pulaar",NA,3700000,"Not endangered","pula1263","Q1420205","A","fuc"
"ful",NA,NA,NA,"fue","Borgu Fulfulde",NA,6e+05,"Not endangered","borg1235","Q12952426","A","fue"
"ful",NA,NA,NA,"fuf","Pular","Fuuta Jalon",3e+06,"Not endangered","pula1262","Q3915357","A","fuf"
"ful",NA,NA,NA,"fuh","Western Niger Fulfulde",NA,NA,"Not endangered","west2454","Q12952430","A","fuh"
"ful",NA,NA,NA,"fui","Bagirmi Fulfulde",NA,NA,"Not endangered","bagi1244","Q11003859","A","fui"
"ful",NA,NA,NA,"fuq","Central-Eastern Niger Fulfulde",NA,1600000,"Not endangered","cent2018","Q12628799","A","fuq"
"ful",NA,NA,NA,"fuv","Nigerian Fulfulde",NA,1.4e+07,"Not endangered","nige1253","Q36129","A","fuv"
"gba","Gbaya",860000,NA,"bdt","Bokoto",NA,130000,"Not endangered","boko1261","Q4938812","A","bdt"
"gba","Gbaya",860000,NA,"gbp","Gbaya-Bossangoa","Gbɛ́yá",250000,"Not endangered","gbay1287","Q11011295","A","gbp"
"gba","Gbaya",860000,NA,"gbq","Gbaya-Bozoum",NA,NA,"Not endangered","gbay1286","Q4952879","A","gbq"
"gba","Gbaya",860000,NA,"gmm","Gbaya-Mbodomo",NA,8000,"Not endangered","gbay1281","Q6799713","A","gmm"
"gba","Gbaya",860000,NA,"gso","Southwest Gbaya","Ɓìyàndà",2e+05,"Not endangered","sout2785","Q4919322","A","gso"
"gba","Gbaya",860000,NA,"gya","Northwest Gbaya",NA,260000,"Not endangered","nort2775","Q36594","A","gya"
"gba","Gbaya",860000,NA,"mdo",NA,NA,NA,NA,NA,NA,"R",NA
"gon","Gondi",3200000,NA,"esg","Aheri Gondi","గోండి",150000,NA,NA,NA,"A","esg"
"gon","Gondi",3200000,NA,"ggo",NA,NA,NA,NA,NA,NA,"R",NA
"gon","Gondi",3200000,NA,"gno","Northern Gondi","गोंडी",2700000,"Vulnerable","nort2702","Q21154926","A","gno"
"gon","Gondi",3200000,NA,"wsg","Adilabad Gondi",NA,3e+05,NA,NA,NA,"A","wsg"
"grb","Grebo",390000,NA,"gbo","Northern Grebo","Kréébo",390000,"Not endangered","nort2810","Q11157042","A","gbo"
"grb","Grebo",390000,NA,"gec","Gboloo Grebo","Kréébo",390000,"Not endangered","gbol1235","Q11019342","A","gec"
"grb","Grebo",390000,NA,"grj","Southern Grebo",NA,NA,"Not endangered","sout2826","Q3914444","A","grj"
"grb","Grebo",390000,NA,"grv","Central Grebo",NA,390000,"Not endangered","cent2041","Q18385114","A","grv"
"grb","Grebo",390000,NA,"gry","Barclayville Grebo",NA,390000,"Not endangered","barc1235","Q3914444","A","gry"
"grn",NA,NA,NA,"gnw","Western Bolivian Guaraní",NA,7000,"Definitely endangered","west2640","Q3775037","A","gnw"
"grn",NA,NA,NA,"gug","Paraguayan Guaraní",NA,4800000,"Not endangered","para1311","Q17478066","A","gug"
"grn",NA,NA,NA,"gui","Eastern Bolivian Guaraní",NA,81000,"Vulnerable","east2555","Q2963912","A","gui"
"grn",NA,NA,NA,"gun","Mbyá Guaraní",NA,15000,"Vulnerable","mbya1239","Q3915584","A","gun"
"grn",NA,NA,NA,"nhd","Chiripá",NA,16000,"Definitely endangered","chir1286","Q2873230","A","nhd"
"hai","Haida",14,NA,"hax","Southern Haida",NA,13,"Critically endangered","sout2956","Q12953543","A","hax"
"hai","Haida",14,NA,"hdn","Northern Haida",NA,14,"Critically endangered","nort2938","Q20054484","A","hdn"
"hbs",NA,NA,NA,"bos",NA,NA,NA,NA,NA,NA,"A",NA
"hbs",NA,NA,NA,"cnr","Montenegrin","crnogorski",2e+05,"Not endangered","mont1282","Q8821","A","cnr"
"hbs",NA,NA,NA,"hrv",NA,NA,NA,NA,NA,NA,"A",NA
"hbs",NA,NA,NA,"srp",NA,NA,NA,NA,NA,NA,"A",NA
"hmn","Hmong",7700000,NA,"blu",NA,NA,NA,NA,NA,NA,"R",NA
"hmn","Hmong",7700000,NA,"cqd","Chuanqiandian Cluster Miao",NA,3700000,"Not endangered","chua1256","Q3307894","A","cqd"
"hmn","Hmong",7700000,NA,"hea","Northern Qiandong Miao","Hmub",1200000,"Not endangered","nort2747","Q3138832","A","hea"
"hmn","Hmong",7700000,NA,"hma","Southern Mashan Hmong",NA,NA,"Vulnerable","sout1556","Q12953560","A","hma"
"hmn","Hmong",7700000,NA,"hmc","Central Huishui Hmong",NA,NA,"Not endangered","cent2013","Q12953558","A","hmc"
"hmn","Hmong",7700000,NA,"hmd","Large Flowery Miao",NA,3e+05,"Not endangered","larg1235","Q1108934","A","hmd"
"hmn","Hmong",7700000,NA,"hme","Eastern Huishui Hmong",NA,NA,"Vulnerable","east2372","Q12953559","A","hme"
"hmn","Hmong",7700000,NA,"hmg","Southwestern Guiyang Hmong",NA,190000,"Not endangered","sout2756","Q27478542","A","hmg"
"hmn","Hmong",7700000,NA,"hmh","Southwestern Huishui Hmong",NA,NA,"Not endangered","sout2755","Q12953565","A","hmh"
"hmn","Hmong",7700000,NA,"hmi","Northern Huishui Hmong",NA,NA,"Not endangered","nort2749","Q27434946","A","hmi"
"hmn","Hmong",7700000,NA,"hmj","Ge",NA,60000,"Vulnerable","geee1239","Q11251864","A","hmj"
"hmn","Hmong",7700000,NA,"hml","Luopohe Hmong",NA,40000,"Not endangered","luop1235","Q14468943","A","hml"
"hmn","Hmong",7700000,NA,"hmm","Central Mashan Hmong",NA,NA,"Not endangered","cent1394","Q12953561","A","hmm"
"hmn","Hmong",7700000,NA,"hmp","Northern Mashan Hmong",NA,NA,"Not endangered","nort1546","Q12953564","A","hmp"
"hmn","Hmong",7700000,NA,"hmq","Eastern Qiandong Miao",NA,350000,"Not endangered","east2370","Q27431369","A","hmq"
"hmn","Hmong",7700000,NA,"hms","Southern Qiandong Miao",NA,5e+05,"Not endangered","sout2754","Q12953562","A","hms"
"hmn","Hmong",7700000,NA,"hmw","Western Mashan Hmong",NA,140000,"Vulnerable","west1507","Q12953563","A","hmw"
"hmn","Hmong",7700000,NA,"hmy","Southern Guiyang Hmong",NA,NA,"Not endangered","sout1555","Q12953553","A","hmy"
"hmn","Hmong",7700000,NA,"hmz","Hmong Shua",NA,250000,"Not endangered","hmon1331","Q25559603","A","hmz"
"hmn","Hmong",7700000,NA,"hnj","Hmong Njua","𞄀𞄄𞄰𞄩𞄍𞄜𞄰",276000,"Not endangered","hmon1264","Q3138831","A","hnj"
"hmn","Hmong",7700000,NA,"hrm","Horned Miao",NA,8,"Not endangered","horn1235","Q63213949","A","hrm"
"hmn","Hmong",7700000,NA,"huj","Northern Guiyang Hmong",NA,NA,"Not endangered","nort1545","Q12953554","A","huj"
"hmn","Hmong",7700000,NA,"mmr","Western Xiangxi Miao","Dut Xongb",9e+05,"Not endangered","west2430","Q3307901","A","mmr"
"hmn","Hmong",7700000,NA,"muq","Eastern Xiangxi Miao",NA,NA,"Not endangered","east2371","Q27431376","A","muq"
"hmn","Hmong",7700000,NA,"mww","Hmong Daw","us Hmoob",3400000,"Not endangered","hmon1333","Q3138829","A","mww"
"hmn","Hmong",7700000,NA,"sfm","Small Flowery Miao",NA,84000,"Not endangered","smal1236","Q7542773","A","sfm"
"iku",NA,NA,NA,"ike","Eastern Canadian Inuktitut",NA,34000,"Vulnerable","east2534","Q4126517","A","ike"
"iku",NA,NA,NA,"ikt","Inuinnaqtun",NA,NA,"Vulnerable","west2618","Q27990","A","ikt"
"ipk",NA,NA,NA,"esi","North Alaskan Inupiatun",NA,6700,"Severely endangered","nort2943",NA,"A","esi"
"ipk",NA,NA,NA,"esk","Northwest Alaska Inupiatun",NA,1200,"Severely endangered","nort2945","Q25559714","A","esk"
"jrb","Judeo-Arabic",240000,NA,"ajt",NA,NA,NA,NA,NA,NA,"R",NA
"jrb","Judeo-Arabic",240000,NA,"aju","Judeo-Moroccan Arabic",NA,66000,"Not endangered","jude1265","Q56595","A","aju"
"jrb","Judeo-Arabic",240000,NA,"jye","Judeo-Yemeni Arabic",NA,NA,"Vulnerable","jude1267","Q56596","A","jye"
"jrb","Judeo-Arabic",240000,NA,"yhd","Judeo-Iraqi Arabic",NA,97000,"Not endangered","jude1266","Q56599","A","yhd"
"jrb","Judeo-Arabic",240000,NA,"yud","Judeo-Tripolitanian Arabic",NA,35000,"Vulnerable","jude1264","Q56598","A","yud"
"kau",NA,NA,NA,"kby","Manga Kanuri",NA,480000,"Not endangered","mang1399","Q12952572","A","kby"
"kau",NA,NA,NA,"knc","Central Kanuri",NA,3200000,"Not endangered","cent2050","Q15637215","A","knc"
"kau",NA,NA,NA,"krt","Tumari Kanuri",NA,NA,"Not endangered","tuma1248","Q11033658","A","krt"
"kln","Kalenjin",4100000,NA,"enb","Markweeta","Markweeta",180000,"Definitely endangered","mark1255","Q56874","A","enb"
"kln","Kalenjin",4100000,NA,"eyo","Keiyo","Elgeyo",310000,"Not endangered","keiy1238","Q56856","A","eyo"
"kln","Kalenjin",4100000,NA,"niq","Nandi","Naandi",950000,"Not endangered","nand1266","Q6956591","A","niq"
"kln","Kalenjin",4100000,NA,"oki","Okiek",NA,79000,"Severely endangered","okie1245","Q56367","A","oki"
"kln","Kalenjin",4100000,NA,"pko","Pökoot","Pokot",370000,"Not endangered","poko1263","Q36323","A","pko"
"kln","Kalenjin",4100000,NA,"sgc","Kipsigis","Kipsigis",1900000,"Not endangered","kips1239","Q56339","A","sgc"
"kln","Kalenjin",4100000,NA,"spy","Sabaot",NA,240000,"Definitely endangered","saba1262","Q7395896","A","spy"
"kln","Kalenjin",4100000,NA,"tec","Terik","Nyang’ori",3e+05,"Not endangered","teri1244","Q3518379","A","tec"
"kln","Kalenjin",4100000,NA,"tuy","Tugen",NA,140000,"Not endangered","tuge1241","Q3541935","A","tuy"
"kok","Konkani",4900000,NA,"gom","Konkani","कोंकणी",4200000,"Not endangered","goan1235","Q5575236","A","gom"
"kok","Konkani",4900000,NA,"knn","Konkani",NA,2400000,"Not endangered","konk1267","Q6733387","A","knn"
"kom",NA,NA,NA,"koi","Komi-Permyak","Перем коми",64000,"Vulnerable","komi1269","Q56318","A","koi"
"kom",NA,NA,NA,"kpv","Komi-Zyrian",NA,160000,"Vulnerable","komi1268","Q34114","A","kpv"
"kon",NA,NA,NA,"kng","Koongo",NA,5e+06,"Not endangered","koon1244",NA,"A","kng"
"kon",NA,NA,NA,"kwy","San Salvador Kongo",NA,NA,"Not endangered","sans1272","Q11017686","A","kwy"
"kon",NA,NA,NA,"ldi","Laari",NA,NA,"Not endangered","laar1238","Q12952693","A","ldi"
"kpe","Kpelle",480000,NA,"gkp","Guinea Kpelle","Kpɛlɛɛ",460000,"Not endangered","guin1254","Q11052867","A","gkp"
"kpe","Kpelle",480000,NA,"xpe","Liberia Kpelle","Kpɛlɛɛ",760000,"Not endangered","libe1247","Q20527226","A","xpe"
"kur",NA,NA,NA,"ckb","Sorani Kurdish","سۆرانی",11100000,"Not endangered","cent1972","Q36811","A","ckb"
"kur",NA,NA,NA,"kmr","Northern Kurdish",NA,NA,"Not endangered","nort2641","Q36163","A","kmr"
"kur",NA,NA,NA,"sdh","Southern Kurdish","کوردی خوارین",3100000,"Not endangered","sout2640","Q1496597","A","sdh"
"lah","Lahnda",9.3e+07,NA,"hnd","Southern Hindko","ہندکو",960000,"Not endangered","sout2668","Q382273","A","hnd"
"lah","Lahnda",9.3e+07,NA,"hno","Northern Hindko","Hindko",4e+06,"Not endangered","nort2662","Q6346358","A","hno"
"lah","Lahnda",9.3e+07,NA,"jat","Jakati",NA,7000,NA,"jaka1245","Q4159744","A","jat"
"lah","Lahnda",9.3e+07,NA,"phr","Pahari-Potwari","پوٹھواری",2500000,"Not endangered","paha1251","Q33739","A","phr"
"lah","Lahnda",9.3e+07,NA,"pmu",NA,NA,NA,NA,NA,NA,"R",NA
"lah","Lahnda",9.3e+07,NA,"pnb","Western Panjabi","شاہ مُکھی",1.13e+08,"Not endangered","west2386","Q1389492","A","pnb"
"lah","Lahnda",9.3e+07,NA,"skr","Saraiki","سرائیکی",2.8e+07,"Not endangered","sera1259","Q33902","A","skr"
"lah","Lahnda",9.3e+07,NA,"xhe","Khetrani",NA,1e+05,"Not endangered","khet1238","Q2614111","A","xhe"
"lav",NA,NA,NA,"ltg","Latgalian","Latgalīšu",170000,"Not endangered","east2282","Q36212","A","ltg"
"lav",NA,NA,NA,"lvs","Standard Latvian","Стандард Латвиан",1,"Not endangered","stan1325",NA,"A","lvs"
"luy","Luyia",5900000,NA,"bxk","Bukusu","Lubukusu",1400000,"Not endangered","buku1249","Q32930","A","bxk"
"luy","Luyia",5900000,NA,"ida","Idakho-Isukha-Tiriki","Luidakho",6e+05,"Not endangered","idak1243","Q12952512","A","ida"
"luy","Luyia",5900000,NA,"lkb","Kabras","LuKabarasi",250000,"Not endangered","kabr1240","Q63257894","A","lkb"
"luy","Luyia",5900000,NA,"lko","Khayo",NA,120000,"Not endangered","khay1238","Q6401095","A","lko"
"luy","Luyia",5900000,NA,"lks","Kisa",NA,140000,"Not endangered","kisa1263","Q63259208","A","lks"
"luy","Luyia",5900000,NA,"lri","Marachi","Olumarachi",160000,"Not endangered","mara1393","Q6754565","A","lri"
"luy","Luyia",5900000,NA,"lrm","Marama","OluMarama",150000,"Not endangered","mara1392","Q63259319","A","lrm"
"luy","Luyia",5900000,NA,"lsm","Saamia","Olusaamia",480000,"Not endangered","saam1283","Q35893","A","lsm"
"luy","Luyia",5900000,NA,"lto","Tsotso",NA,120000,"Not endangered","tsot1241","Q63259915","A","lto"
"luy","Luyia",5900000,NA,"lts","Tachoni",NA,120000,"Not endangered","tach1242","Q63283459","A","lts"
"luy","Luyia",5900000,NA,"lwg","Wanga","Oluwanga",310000,"Not endangered","wang1294","Q63283476","A","lwg"
"luy","Luyia",5900000,NA,"nle","East Nyala","LuNyala",270000,"Not endangered","east2409","Q25559347","A","nle"
"luy","Luyia",5900000,NA,"nyd","Nyore","Olunyore",310000,"Not endangered","nyor1244","Q7071227","A","nyd"
"luy","Luyia",5900000,NA,"rag","Logooli","Lulogooli",620000,"Not endangered","logo1258","Q6667767","A","rag"
"man","Manding",NA,NA,"emk","Eastern Maninkakan",NA,7100000,"Not endangered","east2426","Q11002130","A","emk"
"man","Manding",NA,NA,"mku","Konyanka Maninka","Maninkakan",210000,"Not endangered","kony1250","Q11163298","A","mku"
"man","Manding",NA,NA,"mlq","Western Maninkakan",NA,1600000,"Not endangered","west2500","Q11028033","A","mlq"
"man","Manding",NA,NA,"mnk","Mandinka",NA,2100000,"Not endangered","mand1436","Q33678","A","mnk"
"man","Manding",NA,NA,"msc","Sankaran Maninka",NA,3300000,"Not endangered","sank1253","Q11155812","A","msc"
"man","Manding",NA,NA,"mwk","Kita Maninkakan",NA,980000,"Not endangered","kita1249",NA,"A","mwk"
"man","Manding",NA,NA,"myq",NA,NA,NA,NA,NA,NA,"R",NA
"mlg",NA,NA,NA,"bhr","Bara Malagasy",NA,720000,"Not endangered","bara1369","Q2114962","A","bhr"
"mlg",NA,NA,NA,"bjq",NA,NA,NA,NA,NA,NA,"R",NA
"mlg",NA,NA,NA,"bmm","Northern Betsimisaraka Malagasy","Betsimisaraka",1300000,"Not endangered","nort2890","Q2548276","A","bmm"
"mlg",NA,NA,NA,"bzc","Southern Betsimisaraka Malagasy","Betsimisaraka",2e+06,"Not endangered","sout2920",NA,"A","bzc"
"mlg",NA,NA,NA,"msh","Masikoro Malagasy",NA,550000,"Not endangered","masi1268","Q1976816","A","msh"
"mlg",NA,NA,NA,"plt","Plateau Malagasy",NA,NA,"Not endangered","plat1254","Q15069308","A","plt"
"mlg",NA,NA,NA,"skg","Sakalava Malagasy","Sakalava",1210000,"Not endangered","saka1291","Q12952768","A","skg"
"mlg",NA,NA,NA,"tdx","Tandroy-Mahafaly Malagasy","Antandroy",NA,"Not endangered","tand1256","Q2852592","A","tdx"
"mlg",NA,NA,NA,"tkg","Tesaka Malagasy",NA,1100000,"Not endangered","tesa1236","Q2852547","A","tkg"
"mlg",NA,NA,NA,"txy","Tanosy Malagasy",NA,640000,"Not endangered","tano1246","Q2852610","A","txy"
"mlg",NA,NA,NA,"xmv","Antankarana Malagasy",NA,2.5e+07,"Not endangered","anta1255","Q2167573","A","xmv"
"mlg",NA,NA,NA,"xmw","Tsimihety Malagasy",NA,1600000,"Not endangered","tsim1257","Q3541574","A","xmw"
"mon",NA,NA,NA,"khk","Halh Mongolian",NA,5200000,"Definitely endangered","halh1238","Q6399808","A","khk"
"mon",NA,NA,NA,"mvf","Peripheral Mongolian",NA,3400000,"Vulnerable","peri1253","Q3320659","A","mvf"
"msa",NA,NA,NA,"bjn","Banjar","Banjar",4e+06,"Not endangered","banj1239",NA,"A","bjn"
"msa",NA,NA,NA,"btj","Bacanese Malay",NA,4500,"Critically endangered","baca1243","Q8828608","A","btj"
"msa",NA,NA,NA,"bve","Berau Malay",NA,11000,"Not endangered","bera1262","Q3915770","A","bve"
"msa",NA,NA,NA,"bvu","Bukit Malay",NA,4100000,"Not endangered","buki1247","Q9230148","A","bvu"
"msa",NA,NA,NA,"coa","Cocos Islands Malay",NA,1100,"Definitely endangered","coco1260","Q3441699","A","coa"
"msa",NA,NA,NA,"dup","Duano",NA,16000,"Definitely endangered","duan1242","Q3040468","A","dup"
"msa",NA,NA,NA,"hji","Haji",NA,NA,"Not endangered","haji1235","Q5639933","A","hji"
"msa",NA,NA,NA,"ind",NA,NA,NA,NA,NA,NA,"A",NA
"msa",NA,NA,NA,"jak","Jakun",NA,NA,"Vulnerable","jaku1244","Q4216968","A","jak"
"msa",NA,NA,NA,"jax","Jambi Malay","Baso Jambi",1e+06,"Not endangered","jamb1236","Q3915769","A","jax"
"msa",NA,NA,NA,"kvb","Kubu",NA,10000,"Vulnerable","kubu1239","Q6441341","A","kvb"
"msa",NA,NA,NA,"kvr","Kerinci","Kinci",370000,"Vulnerable","keri1250","Q3195442","A","kvr"
"msa",NA,NA,NA,"kxd","Brunei","Brunei",320000,"Not endangered","brun1242","Q3182878","A","kxd"
"msa",NA,NA,NA,"lce","Loncong",NA,420,"Vulnerable","lonc1237","Q3058192","A","lce"
"msa",NA,NA,NA,"lcf","Lubu",NA,30000,"Not endangered","lubu1241","Q3264685","A","lcf"
"msa",NA,NA,NA,"liw","Col",NA,150000,"Not endangered","coll1240","Q2981948","A","liw"
"msa",NA,NA,NA,"max","North Moluccan Malay","Bahasa Pasar",7e+05,"Not endangered","nort2828","Q7056136","A","max"
"msa",NA,NA,NA,"meo","Kedah Malay","Pelat Utagha",2600000,"Not endangered","keda1251","Q4925684","A","meo"
"msa",NA,NA,NA,"mfa","Pattani Malay","بهاس جاوي",3400000,NA,"patt1249","Q1199751","A","mfa"
"msa",NA,NA,NA,"mfb","Bangka","Bahasa Bangka",340000,"Critically endangered","bang1365","Q3258818","A","mfb"
"msa",NA,NA,NA,"min","Minangkabau","Baso Minangkabau",8e+06,"Not endangered","mina1268","Q13324","A","min"
"msa",NA,NA,NA,"mly",NA,NA,NA,NA,NA,NA,"R",NA
"msa",NA,NA,NA,"mqg","Kota Bangun Kutai Malay",NA,3e+05,"Not endangered","kota1275","Q12952778","A","mqg"
"msa",NA,NA,NA,"msi","Sabah Malay","Sabah Melayu",3e+06,"Not endangered","saba1263","Q10867404","A","msi"
"msa",NA,NA,NA,"mui","Musi","Baso Palembang",3100000,"Not endangered","musi1241","Q615660","A","mui"
"msa",NA,NA,NA,"orn","Orang Kanaq",NA,NA,"Severely endangered","oran1258","Q3449510","A","orn"
"msa",NA,NA,NA,"ors","Orang Seletar",NA,1080,"Definitely endangered","oran1259","Q4208197","A","ors"
"msa",NA,NA,NA,"pel","Pekal",NA,NA,"Not endangered","peka1242","Q3241781","A","pel"
"msa",NA,NA,NA,"pse","Central Malay","Bahasa Pasemah",1600000,"Not endangered","cent2053","Q3367751","A","pse"
"msa",NA,NA,NA,"tmw","Temuan",NA,NA,"Definitely endangered","temu1239","Q3025610","A","tmw"
"msa",NA,NA,NA,"urk","Urak Lawoi'",NA,5000,"Definitely endangered","urak1238","Q2031144","A","urk"
"msa",NA,NA,NA,"vkk","Kaur",NA,NA,"Not endangered","kaur1269","Q6378867","A","vkk"
"msa",NA,NA,NA,"vkt","Tenggarong Kutai Malay","Kutai Tenggarong",3e+05,"Not endangered","teng1267","Q12683226","A","vkt"
"msa",NA,NA,NA,"xmm","Manado Malay","Bahasa Manado",850000,"Not endangered","mala1481","Q1068112","A","xmm"
"msa",NA,NA,NA,"zlm","Malay",NA,NA,"Not endangered","mala1479","Q12636082","A","zlm"
"msa",NA,NA,NA,"zmi","Negeri Sembilan Malay","bahasa Melayu Negeri Sembilan",390000,"Vulnerable","nege1240","Q3915909","A","zmi"
"msa",NA,NA,NA,"zsm","Standard Malay",NA,NA,"Not endangered","stan1306","Q15065","A","zsm"
"mwr","Marwari",NA,NA,"dhd","Dhundari","ढूंढारी",9600000,"Not endangered","dhun1238","Q633359","A","dhd"
"mwr","Marwari",NA,NA,"mtr","Mewari","मेवाड़ी",1300000,"Not endangered","mewa1249","Q2992857","A","mtr"
"mwr","Marwari",NA,NA,"mve","Marwari","مارواري",220000,"Not endangered","marw1256",NA,"A","mve"
"mwr","Marwari",NA,NA,"rwr","Marwari","मारवाड़ी",2.2e+07,"Not endangered","marw1260",NA,"A","rwr"
"mwr","Marwari",NA,NA,"swv","Shekhawati","शेखावाटी",3700000,"Not endangered","shek1243","Q3915429","A","swv"
"mwr","Marwari",NA,NA,"wry","Merwari","मेरवारी",3900000,"Not endangered","merw1238","Q11732445","A","wry"
"nep",NA,NA,NA,"dty","Dotyali","डोटेली",760000,"Not endangered","doty1234","Q18415595","A","dty"
"nep",NA,NA,NA,"npi","Nepali","नेपाली",1.6e+07,"Not endangered","nepa1254","Q33823","A","npi"
"nor",NA,NA,NA,"nno",NA,NA,NA,NA,NA,NA,"A",NA
"nor",NA,NA,NA,"nob",NA,NA,NA,NA,NA,NA,"A",NA
"oji",NA,NA,NA,"ciw","Chippewa",NA,NA,"Definitely endangered","chip1241","Q2963878","A","ciw"
"oji",NA,NA,NA,"ojb","Northwestern Ojibwa",NA,20000,"Vulnerable","nort2961","Q7060356","A","ojb"
"oji",NA,NA,NA,"ojc","Central Ojibwa",NA,NA,"Definitely endangered","cent2136","Q5061548","A","ojc"
"oji",NA,NA,NA,"ojg","Eastern Ojibwa",NA,NA,"Definitely endangered","east2542","Q5330342","A","ojg"
"oji",NA,NA,NA,"ojs","Severn Ojibwa",NA,15000,"Vulnerable","seve1240","Q56494","A","ojs"
"oji",NA,NA,NA,"ojw","Western Ojibwa",NA,NA,"Definitely endangered","west1510","Q3474222","A","ojw"
"oji",NA,NA,NA,"otw","Ottawa",NA,13000,"Severely endangered","otta1242","Q133678","A","otw"
"ori",NA,NA,NA,"ory","Odia",NA,3.5e+07,"Not endangered","oriy1255",NA,"A","ory"
"ori",NA,NA,NA,"spv","Sambalpuri","ସମ୍ବଲପୁରୀ",520000,"Not endangered","samb1325",NA,"A","spv"
"orm",NA,NA,NA,"gax","Borana-Arsi-Guji Oromo",NA,3900000,"Not endangered","bora1271","Q2910610","A","gax"
"orm",NA,NA,NA,"gaz","West Central Oromo",NA,NA,"Not endangered","west2721","Q12639015","A","gaz"
"orm",NA,NA,NA,"hae","Eastern Oromo","Oromoo",4500000,"Not endangered","east2652","Q5330355","A","hae"
"orm",NA,NA,NA,"orc","Orma",NA,69000,"Not endangered","orma1241","Q2919128","A","orc"
"pus",NA,NA,NA,"pbt","Southern Pashto",NA,14920000,"Not endangered","sout2649","Q16112855","A","pbt"
"pus",NA,NA,NA,"pbu","Northern Pashto",NA,NA,"Not endangered","nort2646","Q12642194","A","pbu"
"pus",NA,NA,NA,"pst","Central Pashto",NA,6500000,"Not endangered","cent1973","Q5061628","A","pst"
"que",NA,NA,NA,"cqu",NA,NA,NA,NA,NA,NA,"R",NA
"que",NA,NA,NA,"qub","Huallaga Huánuco Quechua",NA,40000,"Vulnerable","hual1241","Q35492","A","qub"
"que",NA,NA,NA,"qud","Calderón Highland Quichua",NA,1200000,"Vulnerable","cald1236","Q25559690","A","qud"
"que",NA,NA,NA,"quf","Lambayeque Quechua",NA,20000,"Definitely endangered","lamb1276","Q35519","A","quf"
"que",NA,NA,NA,"qug","Chimborazo Highland Quichua",NA,960000,"Vulnerable","chim1302","Q12953845","A","qug"
"que",NA,NA,NA,"quh","South Bolivian Quechua","Runasimi",2800000,"Not endangered","sout2991","Q1307730","A","quh"
"que",NA,NA,NA,"quk","Chachapoyas Quechua",NA,NA,"Definitely endangered","chac1250","Q35138","A","quk"
"que",NA,NA,NA,"qul","North Bolivian Quechua",NA,120000,"Not endangered","nort2976","Q3409819","A","qul"
"que",NA,NA,NA,"qup","Southern Pastaza Quechua",NA,1200000,"Not endangered","sout2990","Q25559692","A","qup"
"que",NA,NA,NA,"qur","Yanahuanca Pasco Quechua",NA,NA,"Definitely endangered","yana1272","Q42305075","A","qur"
"que",NA,NA,NA,"qus","Santiago Del Estero Quichua",NA,60000,"Vulnerable","sant1432","Q35168","A","qus"
"que",NA,NA,NA,"quw","Tena Lowland Quichua",NA,1200000,"Vulnerable","tena1240","Q62387937","A","quw"
"que",NA,NA,NA,"qux","Yauyos Quechua",NA,13000,"Critically endangered","yauy1235","Q36964","A","qux"
"que",NA,NA,NA,"quy","Ayacucho Quechua","Chanka runasimi",9e+05,"Not endangered","ayac1239","Q35145","A","quy"
"que",NA,NA,NA,"quz","Cusco Quechua",NA,1500000,"Vulnerable","cusc1236","Q35147","A","quz"
"que",NA,NA,NA,"qva","Ambo-Pasco Quechua",NA,90000,"Vulnerable","ambo1252","Q12953835","A","qva"
"que",NA,NA,NA,"qvc","Cajamarca Quechua",NA,30000,"Definitely endangered","caja1238","Q35112","A","qvc"
"que",NA,NA,NA,"qve","Eastern Apurímac Quechua",NA,1500000,"Not endangered","east2551","Q12953838","A","qve"
"que",NA,NA,NA,"qvh","Huamalíes-Dos De Mayo Huánuco Quechua",NA,72000,"Vulnerable","huam1248","Q25559676","A","qvh"
"que",NA,NA,NA,"qvi","Imbabura Highland Quichua",NA,3e+05,"Vulnerable","imba1240","Q25559701","A","qvi"
"que",NA,NA,NA,"qvj","Loja Highland Quichua",NA,30000,"Vulnerable","loja1235","Q25559700","A","qvj"
"que",NA,NA,NA,"qvl","Cajatambo North Lima Quechua",NA,NA,"Severely endangered","caja1239","Q12953839","A","qvl"
"que",NA,NA,NA,"qvm","Margos-Yarowilca-Lauricocha Quechua",NA,83000,"Vulnerable","marg1254","Q25559675","A","qvm"
"que",NA,NA,NA,"qvn","North Junín Quechua",NA,60000,"Vulnerable","nort2980","Q12953844","A","qvn"
"que",NA,NA,NA,"qvo","Napo Lowland Quechua",NA,1200000,"Vulnerable","napo1242","Q25559706","A","qvo"
"que",NA,NA,NA,"qvp","Pacaraos Quechua",NA,NA,"Severely endangered","paca1245","Q36331","A","qvp"
"que",NA,NA,NA,"qvs","San Martín Quechua",NA,15000,"Severely endangered","sanm1289","Q35880","A","qvs"
"que",NA,NA,NA,"qvw","Huaylla Wanca Quechua","Wanka Nunashimi",270000,"Not endangered","huay1241","Q65659285","A","qvw"
"que",NA,NA,NA,"qvz","Northern Pastaza Quichua",NA,NA,"Vulnerable","nort2973","Q12953848","A","qvz"
"que",NA,NA,NA,"qwa","Corongo Ancash Quechua",NA,4000,"Vulnerable","coro1247","Q12953841","A","qwa"
"que",NA,NA,NA,"qwc",NA,NA,NA,NA,NA,NA,"A",NA
"que",NA,NA,NA,"qwh","Huaylas Ancash Quechua","Nunashimi",340000,"Vulnerable","huay1240","Q6094343","A","qwh"
"que",NA,NA,NA,"qws","Sihuas Ancash Quechua",NA,10000,"Vulnerable","sihu1235","Q42308366","A","qws"
"que",NA,NA,NA,"qxa","Chiquián Ancash Quechua",NA,190000,"Severely endangered","chiq1249","Q25559677","A","qxa"
"que",NA,NA,NA,"qxc","Chincha Quechua",NA,NA,"Extinct","chin1483","Q25559686","A","qxc"
"que",NA,NA,NA,"qxh","Panao Huánuco Quechua",NA,190000,"Severely endangered","pana1306","Q63308389","A","qxh"
"que",NA,NA,NA,"qxl","Salasaca Highland Quichua",NA,1200000,"Definitely endangered","sala1272","Q12953847","A","qxl"
"que",NA,NA,NA,"qxn","Northern Conchucos Ancash Quechua",NA,250000,"Vulnerable","nort2979","Q25559688","A","qxn"
"que",NA,NA,NA,"qxo","Southern Conchucos Ancash Quechua","Huaylay",920000,"Vulnerable","sout2992","Q12953840","A","qxo"
"que",NA,NA,NA,"qxp","Puno Quechua",NA,5e+05,"Not endangered","puno1238","Q7260479","A","qxp"
"que",NA,NA,NA,"qxr","Cañar Highland Quichua",NA,2e+05,"Vulnerable","cana1262","Q12953846","A","qxr"
"que",NA,NA,NA,"qxt","Santa Ana De Tusi Pasco Quechua",NA,NA,"Severely endangered","sant1433","Q12953831","A","qxt"
"que",NA,NA,NA,"qxu","Arequipa-La Unión Quechua",NA,19000,"Not endangered","areq1237","Q12953837","A","qxu"
"que",NA,NA,NA,"qxw","Jauja Wanca Quechua",NA,23000,"Severely endangered","jauj1238","Q12953843","A","qxw"
"raj","Rajasthani",19300000,NA,"bgq","Bagri","बागड़ी",2300000,"Not endangered","bagr1243","Q2426319","A","bgq"
"raj","Rajasthani",19300000,NA,"gda","Gade Lohar",NA,20000,"Not endangered","gade1236","Q12953671","A","gda"
"raj","Rajasthani",19300000,NA,"gju","Gujari","گوجری",1460000,"Not endangered","guja1253","Q3241731","A","gju"
"raj","Rajasthani",19300000,NA,"hoj","Hadothi","हरौती",1100000,"Not endangered","hado1235","Q33227","A","hoj"
"raj","Rajasthani",19300000,NA,"mup","Malvi","मालवी",5400000,"Not endangered","malv1243","Q33413","A","mup"
"raj","Rajasthani",19300000,NA,"wbr","Wagdi","वागड़ी",2e+06,"Not endangered","wagd1238","Q7959490","A","wbr"
"rom","Romany",NA,NA,"rmc","Carpathian Romani",NA,120000,"Not endangered","carp1235","Q5045611","A","rmc"
"rom","Romany",NA,NA,"rmf","Kalo Finnish Romani","kaalengo tšimb",5000,"Definitely endangered","kalo1256","Q2093214","A","rmf"
"rom","Romany",NA,NA,"rml","Baltic Romani",NA,50000,"Vulnerable","balt1257","Q513736","A","rml"
"rom","Romany",NA,NA,"rmn","Balkan Romani","Романи",590000,"Not endangered","balk1252","Q1256701","A","rmn"
"rom","Romany",NA,NA,"rmo","Sinte Romani",NA,24000,"Not endangered","sint1235","Q1793299","A","rmo"
"rom","Romany",NA,NA,"rmw","Welsh Romani",NA,NA,"Definitely endangered","wels1246","Q2097387","A","rmw"
"rom","Romany",NA,NA,"rmy","Vlax Romani","Romani čhib",310000,"Not endangered","vlax1238","Q2669199","A","rmy"
"san",NA,NA,NA,"cls",NA,NA,NA,NA,NA,NA,"A",NA
"san",NA,NA,NA,"vsn",NA,NA,NA,NA,NA,NA,"A",NA
"sqi",NA,NA,NA,"aae","Arbëreshë Albanian",NA,1e+05,"Vulnerable","arbe1236","Q1075302","A","aae"
"sqi",NA,NA,NA,"aat","Arvanitika Albanian",NA,50000,"Vulnerable","arva1236","Q29347","A","aat"
"sqi",NA,NA,NA,"aln","Gheg Albanian",NA,4100000,"Not endangered","gheg1238","Q181037","A","aln"
"sqi",NA,NA,NA,"als","Tosk Albanian","Schwyzertüütsch",1800000,"Not endangered","tosk1239","Q180937","A","als"
"srd",NA,NA,NA,"sdc","Sassarese Sardinian","sassaresu",110000,"Not endangered","sass1235","Q845441","A","sdc"
"srd",NA,NA,NA,"sdn","Gallurese Sardinian",NA,1e+05,"Not endangered","gall1276","Q612220","A","sdn"
"srd",NA,NA,NA,"src","Logudorese Sardinian","sardu logudoresu",5e+05,"Definitely endangered","logu1236","Q777974","A","src"
"srd",NA,NA,NA,"sro","Campidanese Sardinian","sardu campidanesu",1e+06,"Vulnerable","camp1261","Q35348","A","sro"
"swa",NA,NA,NA,"swc","Congo Swahili",NA,9100000,"Not endangered","cong1236","Q10961696","A","swc"
"swa",NA,NA,NA,"swh","Swahili",NA,NA,"Not endangered","swah1253","Q3197533","A","swh"
"syr","Syriac",190000,NA,"aii","Assyrian Neo-Aramaic","ܣܘܪܝܬ",830000,"Vulnerable","assy1241","Q29440","A","aii"
"syr","Syriac",190000,NA,"cld","Chaldean Neo-Aramaic",NA,8e+05,"Definitely endangered","chal1275","Q33236","A","cld"
"tmh","Tamashek",1400000,NA,"taq","Tamasheq","Tamasheq",5e+05,"Definitely endangered","tama1365","Q4670066","A","taq"
"tmh","Tamashek",1400000,NA,"thv","Tahaggart Tamahaq",NA,132000,"Vulnerable","taha1241","Q56703","A","thv"
"tmh","Tamashek",1400000,NA,"thz","Tayart Tamajeq",NA,250000,"Vulnerable","taya1257","Q56388","A","thz"
"tmh","Tamashek",1400000,NA,"ttq","Tawallammat Tamajaq",NA,8e+05,"Not endangered","tawa1286","Q56390","A","ttq"
"uzb",NA,NA,NA,"uzn","Northern Uzbek",NA,2.8e+07,"Not endangered","nort2690","Q1066766","A","uzn"
"uzb",NA,NA,NA,"uzs","Southern Uzbek","اوزبیک تورکچه",4200000,"Not endangered","sout2699","Q1066787","A","uzs"
"yid",NA,NA,NA,"ydd","Eastern Yiddish",NA,1500000,"Not endangered","east2295","Q12953980","A","ydd"
"yid",NA,NA,NA,"yih","Western Yiddish",NA,NA,"Extinct","west2361","Q6593714","A","yih"
"zap","Zapotec",450000,NA,"zaa","Sierra De Juárez Zapotec",NA,7000,"Vulnerable","sier1250","Q12953989","A","zaa"
"zap","Zapotec",450000,NA,"zab","Western Tlacolula Valley Zapotec",NA,29000,"Definitely endangered","sanj1284","Q5614751","A","zab"
"zap","Zapotec",450000,NA,"zac","Ocotlán Zapotec",NA,15000,"Vulnerable","ocot1244","Q7076643","A","zac"
"zap","Zapotec",450000,NA,"zad","Cajonos Zapotec",NA,5000,"Not endangered","cajo1238","Q5017997","A","zad"
"zap","Zapotec",450000,NA,"zae","Yareni Zapotec",NA,7000,"Vulnerable","yare1249","Q12645368","A","zae"
"zap","Zapotec",450000,NA,"zaf","Ayoquesco Zapotec",NA,880,"Definitely endangered","ayoq1235","Q4831570","A","zaf"
"zap","Zapotec",450000,NA,"zai","Isthmus Zapotec",NA,85000,"Vulnerable","isth1244","Q56728","A","zai"
"zap","Zapotec",450000,NA,"zam","Miahuatlán Zapotec",NA,1000,"Vulnerable","miah1235","Q13541830","A","zam"
"zap","Zapotec",450000,NA,"zao","Ozolotepec Zapotec",NA,6500,"Vulnerable","ozol1235","Q7116610","A","zao"
"zap","Zapotec",450000,NA,"zaq","Aloápam Zapotec",NA,3400,"Not endangered","aloa1235","Q4734726","A","zaq"
"zap","Zapotec",450000,NA,"zar","Rincón Zapotec",NA,41000,"Definitely endangered","rinc1236","Q7334628","A","zar"
"zap","Zapotec",450000,NA,"zas","Santo Domingo Albarradas Zapotec",NA,5500,"Definitely endangered","sant1450","Q4709425","A","zas"
"zap","Zapotec",450000,NA,"zat","Tabaa Zapotec",NA,2000,"Vulnerable","taba1268","Q7672849","A","zat"
"zap","Zapotec",450000,NA,"zav","Yatzachi Zapotec",NA,2500,"Vulnerable","yatz1235","Q8050301","A","zav"
"zap","Zapotec",450000,NA,"zaw","Mitla Zapotec",NA,20000,"Not endangered","mitl1236","Q3053288","A","zaw"
"zap","Zapotec",450000,NA,"zax","Xadani Zapotec",NA,NA,"Definitely endangered","xada1235","Q8042823","A","zax"
"zap","Zapotec",450000,NA,"zca","Coatecas Altas Zapotec",NA,4900,"Not endangered","coat1244","Q5138603","A","zca"
"zap","Zapotec",450000,NA,"zcd","Las Delicias Zapotec",NA,41000,NA,NA,NA,"A","zcd"
"zap","Zapotec",450000,NA,"zoo","Asunción Mixtepec Zapotec",NA,NA,"Severely endangered","asun1236","Q4811888","A","zoo"
"zap","Zapotec",450000,NA,"zpa","Lachiguiri Zapotec",NA,5000,"Vulnerable","lach1250","Q6468403","A","zpa"
"zap","Zapotec",450000,NA,"zpb","Yautepec Zapotec",NA,NA,"Vulnerable","yaut1235","Q7413392","A","zpb"
"zap","Zapotec",450000,NA,"zpc","Choapan Zapotec",NA,12000,"Vulnerable","choa1237","Q5103425","A","zpc"
"zap","Zapotec",450000,NA,"zpd","Southeastern Ixtlán Zapotec",NA,6000,"Vulnerable","sout3005","Q8050392","A","zpd"
"zap","Zapotec",450000,NA,"zpe","Petapa Zapotec",NA,8000,"Definitely endangered","peta1247","Q7171675","A","zpe"
"zap","Zapotec",450000,NA,"zpf","San Pedro Quiatoni Zapotec",NA,15000,"Not endangered","sanp1261","Q7271640","A","zpf"
"zap","Zapotec",450000,NA,"zpg","Guevea De Humboldt Zapotec",NA,4700,"Not endangered","guev1238","Q13459953","A","zpg"
"zap","Zapotec",450000,NA,"zph","Totomachapan Zapotec",NA,NA,"Severely endangered","toto1308","Q7828390","A","zph"
"zap","Zapotec",450000,NA,"zpi","Santa María Quiegolani Zapotec",NA,2000,"Vulnerable","sant1451","Q7271823","A","zpi"
"zap","Zapotec",450000,NA,"zpj","Quiavicuzas Zapotec",NA,4000,"Not endangered","quia1235","Q7271642","A","zpj"
"zap","Zapotec",450000,NA,"zpk","Tlacolulita Zapotec",NA,NA,"Definitely endangered","tlac1240","Q7810685","A","zpk"
"zap","Zapotec",450000,NA,"zpl","Lachixío Zapotec",NA,3000,"Definitely endangered","lach1249","Q6468420","A","zpl"
"zap","Zapotec",450000,NA,"zpm","Mixtepec Zapotec",NA,7000,"Definitely endangered","mixt1426","Q7414598","A","zpm"
"zap","Zapotec",450000,NA,"zpn","Santa Inés Yatzechi Zapotec",NA,2200,"Vulnerable","sant1447","Q8050300","A","zpn"
"zap","Zapotec",450000,NA,"zpo","Amatlán Zapotec",NA,10000,"Vulnerable","amat1238","Q4740613","A","zpo"
"zap","Zapotec",450000,NA,"zpp","El Alto Zapotec",NA,NA,"Definitely endangered","elal1235","Q8074100","A","zpp"
"zap","Zapotec",450000,NA,"zpq","Zoogocho Zapotec",NA,1400,"Vulnerable","zoog1238","Q8074100","A","zpq"
"zap","Zapotec",450000,NA,"zpr","Santiago Xanica Zapotec",NA,2500,"Vulnerable","sant1452","Q8042924","A","zpr"
"zap","Zapotec",450000,NA,"zps","Coatlán Zapotec",NA,NA,"Vulnerable","coat1243","Q7420514","A","zps"
"zap","Zapotec",450000,NA,"zpt","San Vicente Coatlán Zapotec",NA,3400,"Vulnerable","sanv1242","Q13541831","A","zpt"
"zap","Zapotec",450000,NA,"zpu","Yalálag Zapotec",NA,3500,"Not endangered","yala1267","Q8047534","A","zpu"
"zap","Zapotec",450000,NA,"zpv","Chichicapan Zapotec",NA,2700,"Vulnerable","chic1274","Q5096050","A","zpv"
"zap","Zapotec",450000,NA,"zpw","Zaniza Zapotec",NA,NA,"Definitely endangered","zani1235","Q8066220","A","zpw"
"zap","Zapotec",450000,NA,"zpx","San Baltazar Loxicha Zapotec",NA,NA,"Vulnerable","sanb1241","Q7413390","A","zpx"
"zap","Zapotec",450000,NA,"zpy","Mazaltepec Zapotec",NA,2200,"Definitely endangered","maza1294","Q6798223","A","zpy"
"zap","Zapotec",450000,NA,"zpz","Texmelucan Zapotec",NA,4100,"Definitely endangered","texm1235","Q7708357","A","zpz"
"zap","Zapotec",450000,NA,"zsr","Southern Rincon Zapotec",NA,41000,"Definitely endangered","sout3004","Q12954000","A","zsr"
"zap","Zapotec",450000,NA,"ztc",NA,NA,NA,NA,NA,NA,"R",NA
"zap","Zapotec",450000,NA,"zte","Elotepec Zapotec",NA,NA,"Definitely endangered","elot1235","Q5367223","A","zte"
"zap","Zapotec",450000,NA,"ztg","Xanaguía Zapotec",NA,2500,"Vulnerable","xana1235","Q8042887","A","ztg"
"zap","Zapotec",450000,NA,"ztl","Lapaguía-Guivini Zapotec",NA,4200,"Vulnerable","lapa1249","Q6488084","A","ztl"
"zap","Zapotec",450000,NA,"ztm","San Agustín Mixtepec Zapotec",NA,NA,"Severely endangered","sana1286","Q7413220","A","ztm"
"zap","Zapotec",450000,NA,"ztn","Santa Catarina Albarradas Zapotec",NA,NA,"Vulnerable","sant1448","Q7419277","A","ztn"
"zap","Zapotec",450000,NA,"ztp","Loxicha Zapotec",NA,NA,"Vulnerable","loxi1235","Q6694268","A","ztp"
"zap","Zapotec",450000,NA,"ztq","Quioquitani-Quierí Zapotec",NA,4000,"Not endangered","quio1241","Q3574818","A","ztq"
"zap","Zapotec",450000,NA,"zts","Tilquiapan Zapotec",NA,5000,"Not endangered","tilq1235","Q7802959","A","zts"
"zap","Zapotec",450000,NA,"ztt","Tejalapan Zapotec",NA,NA,"Definitely endangered","teja1235","Q13510225","A","ztt"
"zap","Zapotec",450000,NA,"ztu","Güilá Zapotec",NA,9500,"Not endangered","guil1236","Q5626813","A","ztu"
"zap","Zapotec",450000,NA,"ztx","Zaachila Zapotec",NA,NA,"Definitely endangered","zaac1239","Q8063390","A","ztx"
"zap","Zapotec",450000,NA,"zty","Yatee Zapotec",NA,5000,"Not endangered","yate1242","Q3574815","A","zty"
"zha",NA,NA,NA,"ccx",NA,NA,NA,NA,NA,NA,"R",NA
"zha",NA,NA,NA,"ccy",NA,NA,NA,NA,NA,NA,"R",NA
"zha",NA,NA,NA,"zch","Central Hongshuihe Zhuang",NA,NA,"Not endangered","cent2009","Q63341278","A","zch"
"zha",NA,NA,NA,"zeh","Eastern Hongshuihe Zhuang",NA,1200000,"Not endangered","east2363","Q13634282","A","zeh"
"zha",NA,NA,NA,"zgb","Guibei Zhuang",NA,NA,"Not endangered","guib1245","Q17651534","A","zgb"
"zha",NA,NA,NA,"zgm","Minz Zhuang",NA,180000,"Not endangered","minz1236","Q6862618","A","zgm"
"zha",NA,NA,NA,"zgn","Guibian Zhuang",NA,1e+06,"Not endangered","guib1244","Q17651536","A","zgn"
"zha",NA,NA,NA,"zhd","Dai Zhuang",NA,1e+05,"Vulnerable","daiz1235","Q5209052","A","zhd"
"zha",NA,NA,NA,"zhn","Nong Zhuang",NA,6e+05,"Not endangered","nong1247","Q7049385","A","zhn"
"zha",NA,NA,NA,"zlj","Liujiang Zhuang",NA,NA,"Not endangered","liuj1238","Q17651540","A","zlj"
"zha",NA,NA,NA,"zln","Lianshan Zhuang",NA,NA,NA,"lian1252","Q63341346","A","zln"
"zha",NA,NA,NA,"zlq","Liuqian Zhuang",NA,NA,"Vulnerable","liuq1235","Q63341349","A","zlq"
"zha",NA,NA,NA,"zqe","Qiubei Zhuang",NA,140000,"Not endangered","qiub1238","Q17651542","A","zqe"
"zha",NA,NA,NA,"zyb","Yongbei Zhuang",NA,2e+06,"Not endangered","yong1276","Q8054983","A","zyb"
"zha",NA,NA,NA,"zyg","Yang Zhuang",NA,NA,"Not endangered","yang1286","Q8048537","A","zyg"
"zha",NA,NA,NA,"zyj","Youjiang Zhuang","Gangjdoj",870000,"Not endangered","youj1238","Q8057765","A","zyj"
"zha",NA,NA,NA,"zyn","Yongnan Zhuang",NA,NA,"Not endangered","yong1275","Q8055032","A","zyn"
"zha",NA,NA,NA,"zzj","Zuojiang Zhuang",NA,NA,"Not endangered","zuoj1238","Q13848149","A","zzj"
"zho",NA,NA,NA,"cdo","Min Dong Chinese","Mìng-dĕ̤ng-ngṳ̄",9500000,"Not endangered","mind1253","Q36455","A","cdo"
"zho",NA,NA,NA,"cjy","Jinyu Chinese","晋语",6.3e+07,"Not endangered","jiny1235","Q56479","A","cjy"
"zho",NA,NA,NA,"cmn","Mandarin Chinese","普通话",1288700000,"Not endangered","mand1415","Q9192","A","cmn"
"zho",NA,NA,NA,"cnp","Northern Pinghua",NA,NA,NA,NA,NA,"A","cnp"
"zho",NA,NA,NA,"cpx","Pu-Xian Chinese","Pó-sing-gṳ̂",2600000,"Not endangered","puxi1243","Q56583","A","cpx"
"zho",NA,NA,NA,"csp","Southern Pinghua",NA,NA,NA,NA,NA,"A","csp"
"zho",NA,NA,NA,"czh","Huizhou Chinese","徽州話",4600000,"Not endangered","huiz1242","Q56546","A","czh"
"zho",NA,NA,NA,"czo","Min Zhong Chinese","Mǐnzhōngyǔ",NA,"Not endangered","minz1235","Q56435","A","czo"
"zho",NA,NA,NA,"gan","Gan Chinese","贛語",2.4e+07,"Not endangered","ganc1239","Q33475","A","gan"
"zho",NA,NA,NA,"hak","Hakka Chinese","客家話",3.2e+07,"Not endangered","hakk1236","Q33375","A","hak"
"zho",NA,NA,NA,"hnm",NA,NA,NA,NA,NA,NA,"A",NA
"zho",NA,NA,NA,"hsn","Xiang Chinese","湘語",4e+07,"Not endangered","xian1251","Q13220","A","hsn"
"zho",NA,NA,NA,"luh",NA,NA,NA,NA,NA,NA,"A",NA
"zho",NA,NA,NA,"lzh",NA,NA,NA,NA,NA,NA,"A",NA
"zho",NA,NA,NA,"mnp","Min Bei Chinese","Mâing-bă̤-ngṳ̌",2200000,"Not endangered","minb1244","Q36457","A","mnp"
"zho",NA,NA,NA,"nan","Min Nan Chinese","Min Nan",4.2e+07,"Not endangered","minn1241","Q36495","A","nan"
"zho",NA,NA,NA,"sjc",NA,NA,NA,NA,NA,NA,"A",NA
"zho",NA,NA,NA,"wuu","Wu Chinese","吳語",8.4e+07,"Not endangered","wuch1236","Q34290","A","wuu"
"zho",NA,NA,NA,"yue","Yue Chinese","廣東話",7.9e+07,"Not endangered","yuec1235","Q7033959","A","yue"
"zza","Zaza",3e+06,NA,"diq","Dimli","Dimilkî",1600000,"Vulnerable","diml1238",NA,"A","diq"
"zza","Zaza",3e+06,NA,"kiu","Kirmanjki","Kirmanckî",160000,"Not endangered","kirm1248","Q6023868","A","kiu"
