"facility_id","canonical_id","canonical_name","canonical_city","canonical_state","facility_name","facility_city","facility_state"
1,1,"(*) Denotes No Inspection Completed As of The Date of The Report",NA,NA,"(*) Denotes No Inspection Completed As of The Date of The Report",NA,NA
2,2,"*The Info. In This Report Is Subject To Change",NA,NA,"*The Info. In This Report Is Subject To Change",NA,NA
3,3,"Abraxas Academy Detention Center","Morgantown","PA","Abraxas Academy Detention Center","Morgantown","PA"
4,5,"Adams County Detention Center (Mississippi)","Natchez","MS","Adams County Correctional Center","Natchez","MS"
5,5,"Adams County Detention Center (Mississippi)","Natchez","MS","Adams County Detention Center","Natchez","MS"
6,107,"Adelanto ICE Processing Center","Adelanto","CA","Adelanto ICE Processing Center","Adelanto","CA"
7,7,"Alamance County Detention Facility","Graham","NC","Alamance County Detention Facility","Graham","NC"
8,8,"Albany County Jail","Albany","NY","Albany County Jail","Albany","NY"
9,9,"Alexandria Staging Facility","Alexandria","LA","Alexandria Staging Facility","Alexandria","LA"
10,10,"Allegany County Jail","Belmont","NY","Allegany County Jail","Belmont","NY"
11,11,"Allen County Jail","Ft. Wayne","IN","Allen County Jail","Ft. Wayne","IN"
12,12,"Allen Parish Public Safety Complex","Oberlin","LA","Allen Parish Public Safety Complex","Oberlin","LA"
13,13,"Anchorage Correctional Complex","Anchorage","AK","Anchorage Correctional Complex","Anchorage","AK"
14,14,"Anne Arundel County Ordnance Road Correctional Center","Glen Burnie","MD","Anne Arundel County Ordnance Road Correctional Center","Glen Burnie","MD"
15,140,"Folkston Annex IPC","Folkston","GA","Annex - Folkston IPC","Folkston","GA"
16,16,"Baker Correctional Institution","Sanderson","FL","Baker Correctional Institution","Sanderson","FL"
17,18,"Baker County Sheriff's Office","Macclenny","FL","Baker County Sheriff Department.","Macclenny","FL"
18,18,"Baker County Sheriff's Office","Macclenny","FL","Baker County Sheriff's Office","Macclenny","FL"
19,19,"Baldwin County Correctional Center","Bay Minette","AL","Baldwin County Correctional Center","Bay Minette","AL"
20,20,"Beaver County Jail","Aliquippa","PA","Beaver County Jail","Aliquippa","PA"
21,21,"Bedford Municipal Detention Center","Bedford","TX","Bedford Municipal Detention Center","Bedford","TX"
22,22,"Bergen County Jail","Hackensack","NJ","Bergen County Jail","Hackensack","NJ"
23,24,"Berks County Residential Center1","Leesport","PA","Berks County Family Shelter","Leesport","PA"
24,24,"Berks County Residential Center1","Leesport","PA","Berks County Residential Center1","Leesport","PA"
25,25,"Berlin Federal. Correctional. Institution.","Berlin","NH","Berlin Federal. Correctional. Institution.","Berlin","NH"
26,26,"Best Western-Casa De Estrella","El Paso","TX","Best Western-Casa De Estrella","El Paso","TX"
27,27,"Bluebonnet Detention Center","Anson","TX","Bluebonnet Detention Center","Anson","TX"
28,28,"Boone County Jail","Burlington","KY","Boone County Jail","Burlington","KY"
29,29,"Bossier Parish Cor. Center","Plain Dealing","LA","Bossier Parish Cor. Center","Plain Dealing","LA"
30,30,"Bourbon County Detention Center","Paris","KY","Bourbon County Detention Center","Paris","KY"
31,31,"Bradford County Jail","Starke","FL","Bradford County Jail","Starke","FL"
32,32,"Bristol County Detention Center","North Dartmouth","MA","Bristol County Detention Center","North Dartmouth","MA"
33,33,"Brooklyn MDC","Brooklyn","NY","Brooklyn MDC","Brooklyn","NY"
34,34,"Brooks County Detention Center","Falfurrias","TX","Brooks County Detention Center","Falfurrias","TX"
35,36,"Broome County Jail","Binghamton","NY","Broome County Jail","Binghampton","NY"
36,36,"Broome County Jail","Binghamton","NY","Broome County Jail","Binghamton","NY"
37,37,"Broward County Jail","Fort Lauderdale","FL","Broward County Jail","Fort Lauderdale","FL"
38,38,"Broward Transitional Center","Pompano Beach","FL","Broward Transitional Center","Pompano Beach","FL"
39,40,"Buffalo (Batavia) Service Processing Center","Batavia","NY","Buffalo (Batavia) Service Processing Center","Batavia","NY"
40,40,"Buffalo (Batavia) Service Processing Center","Batavia","NY","Buffalo Service Processing Center","Batavia","NY"
41,41,"Burleigh County","Bismarck","ND","Burleigh County","Bismarck","ND"
42,42,"Burnet County Jail","Burnet","TX","Burnet County Jail","Burnet","TX"
43,43,"Butler County Jail","El Dorado","KS","Butler County Jail","El Dorado","KS"
44,44,"Butler County Jail","Hamilton","OH","Butler County Jail","Hamilton","OH"
45,45,"Cabarrus County Jail","Concord","NC","Cabarrus County Jail","Concord","NC"
46,46,"Cache County Jail","Logan","UT","Cache County Jail","Logan","UT"
47,47,"Caldwell County Detention Center","Kingston","MO","Caldwell County Detention Center","Kingston","MO"
48,48,"Calhoun County Correctional Center","Battle Creek","MI","Calhoun County Correctional Center","Battle Creek","MI"
49,50,"California City Immigration Processing Center","California City","CA","California City Correctional Center","California City","CA"
50,50,"California City Immigration Processing Center","California City","CA","California City Immigration Processing Center","California City","CA"
51,52,"Cambria County Prison","Ebensburg","PA","Cambria County Jail","Ebensburg","PA"
52,52,"Cambria County Prison","Ebensburg","PA","Cambria County Prison","Ebensburg","PA"
53,110,"Camp East Montana","El Paso","TX","Camp East Montana","El Paso","TX"
54,54,"Campbell County Detention Center","Newport","KY","Campbell County Detention Center","Newport","KY"
55,55,"Caroline Detention Facility","Bowling Green","VA","Caroline Detention Facility","Bowling Green","VA"
56,56,"Carver County Jail","Chaska","MN","Carver County Jail","Chaska","MN"
57,58,"Cascade County Jail, Montana","Great Falls","MT","Cascade County Jail (Montana)","Great Falls","MT"
58,58,"Cascade County Jail, Montana","Great Falls","MT","Cascade County Jail, Montana","Great Falls","MT"
59,59,"Cass County Jail","Plattsmouth","NE","Cass County Jail","Plattsmouth","NE"
60,60,"Catahoula Correctional Center","Harrisonburg","LA","Catahoula Correctional Center","Harrisonburg","LA"
61,61,"Cbp Chula Vista Bps","San Diego","CA","Cbp Chula Vista Bps","San Diego","CA"
62,62,"Cbp San Ysidro Poe","San Ysidro","CA","Cbp San Ysidro Poe","San Ysidro","CA"
63,63,"Central Arizona Florence Correctional Complex","Florence","AZ","Central Arizona Florence Correctional Complex","Florence","AZ"
64,210,"Central Louisiana ICE Processing Center (CLIPC)","Jena","LA","Central Louisiana ICE Processing Center (CLIPC)","Jena","LA"
65,65,"Central Texas Detention Facility","San Antonio","TX","Central Texas Detention Facility","San Antonio","TX"
66,66,"Charleston County Detention Center","North Charleston","SC","Charleston County Detention Center","North Charleston","SC"
67,68,"Chase County Jail","Cottonwood Falls","KS","Chase County Detention Facility","Cottonwood Fallss","KS"
68,68,"Chase County Jail","Cottonwood Falls","KS","Chase County Jail","Cottonwood Falls","KS"
69,69,"Chautauqua County Jail","Mayville","NY","Chautauqua County Jail","Mayville","NY"
70,70,"Chavez Detention Center","Roswell","NM","Chavez Detention Center","Roswell","NM"
71,72,"Chippewa County SSM","Sault Ste. Marie","MI","Chippewa County SSM","Sault Sainte Marie","MI"
72,72,"Chippewa County SSM","Sault Ste. Marie","MI","Chippewa County SSM","Sault Ste. Marie","MI"
73,73,"Chittenden Regional Correctional Facility","South Burlington","VT","Chittenden Regional Correctional Facility","South Burlington","VT"
74,74,"Christian County Jail","Hopkinsville","KY","Christian County Jail","Hopkinsville","KY"
75,75,"Christian County Jail","Ozark","MO","Christian County Jail","Ozark","MO"
76,76,"Cibola County Correctional Center","Milan","NM","Cibola County Correctional Center","Milan","NM"
77,77,"Cibola County Detention Center","Grants","NM","Cibola County Detention Center","Grants","NM"
78,78,"Cimmarron Correctional Facility","Cushing","OK","Cimmarron Correctional Facility","Cushing","OK"
79,79,"Clark County Jail (Indiana)","Jeffersonville","IN","Clark County Jail (Indiana)","Jeffersonville","IN"
80,81,"Clay County Justice Center","Brazil","IN","Clay County Jail","Brazil","IN"
81,81,"Clay County Justice Center","Brazil","IN","Clay County Justice Center","Brazil","IN"
82,82,"Clinton County Correctional Facility","Lock Haven","PA","Clinton County Correctional Facility","Lock Haven","PA"
83,83,"Clinton County Correctional Facility","McElhattan","PA","Clinton County Correctional Facility","McElhattan","PA"
84,84,"Clinton County Jail","Frankfort","IN","Clinton County Jail","Frankfort","IN"
85,85,"Clinton County Jail","Plattsburgh","NY","Clinton County Jail","Plattsburgh","NY"
86,86,"Coastal Bend Detention Facility","Robstown","TX","Coastal Bend Detention Facility","Robstown","TX"
87,87,"Cobb County Jail","Marietta","GA","Cobb County Jail","Marietta","GA"
88,88,"Collier County Naples Jail Center","Naples","FL","Collier County Naples Jail Center","Naples","FL"
89,89,"Comfort Suites-Casa Consuelo","El Paso","TX","Comfort Suites-Casa Consuelo","El Paso","TX"
90,90,"Correctional. Center of Northwest Ohio","Stryker","OH","Correctional. Center of Northwest Ohio","Stryker","OH"
91,91,"Cowlitz County Juvenile","Longview","WA","Cowlitz County Juvenile","Longview","WA"
92,92,"Crow Wing County Jail","Brainerd","MN","Crow Wing County Jail","Brainerd","MN"
93,93,"Cumberland County Jail","Portland","ME","Cumberland County Jail","Portland","ME"
94,94,"Dakota County Jail","Dakota City","NE","Dakota County Jail","Dakota City","NE"
95,95,"Dallas County Jail - Lew Sterrett Justice Center","Dallas","TX","Dallas County Jail - Lew Sterrett Justice Center","Dallas","TX"
96,96,"Davidson County Sheriff","Nashville","TN","Davidson County Sheriff","Nashville","TN"
97,97,"Daviess County Detention","Martinsburg","WV","Daviess County Detention","Martinsburg","WV"
98,98,"Daviess County Detention","Owensboro","KY","Daviess County Detention","Owensboro","KY"
99,99,"Davis County","Farmington","UT","Davis County","Farmington","UT"
100,100,"Dekalb County Detention Center","Fort Payne","AL","Dekalb County Detention Center","Fort Payne","AL"
101,127,"Delaney Hall Detention Facility","Newark","NJ","Delaney Hall Detention Facility","Newark","NJ"
102,102,"Delaware County Jail (George W. Hill)","Thornton","PA","Delaware County Jail (George W. Hill)","Thornton","PA"
103,103,"Denver Contract Detention Facility","Aurora","CO","Denver Contract Detention Facility","Aurora","CO"
104,104,"Denver Contract Detention Facility (Cdf) Ii","Aurora","CO","Denver Contract Detention Facility (Cdf) Ii","Aurora","CO"
105,105,"Department of Corrections Hagatna","Hagatna","GU","Department of Corrections Hagatna","Hagatna","GU"
106,107,"Adelanto ICE Processing Center","Adelanto","CA","Desert View","Adelanto","CA"
107,107,"Adelanto ICE Processing Center","Adelanto","CA","Desert View Annex","Adelanto","CA"
108,108,"Diamondback Correctional Facility","Watonga","OK","Diamondback Correctional Facility","Watonga","OK"
109,370,"Dilley Immigration Processing Center","Dilley","TX","Dilley Immigration Processing Center","Dilley","TX"
110,110,"Camp East Montana","El Paso","TX","Dod Detention Facility At Fort Bliss","El Paso","TX"
111,111,"Dodge County Jail","Juneau","WI","Dodge County Jail","Juneau","WI"
112,112,"Dona Ana County Detention Center","Las Cruces","NM","Dona Ana County Detention Center","Las Cruces","NM"
113,113,"Dorchester County Detention Center","Cambridge","MD","Dorchester County Detention Center","Cambridge","MD"
114,114,"Dorchester County Detention Center","Summerville","SC","Dorchester County Detention Center","Summerville","SC"
115,115,"Douglas County","Superior","WI","Douglas County","Superior","WI"
116,116,"Douglas County Department of Corrections","Omaha","NE","Douglas County Department of Corrections","Omaha","NE"
117,117,"East Hidalgo Detention Center","La Villa","TX","East Hidalgo Detention Center","La Villa","TX"
118,118,"East Mesa Detention Facility","San Diego","CA","East Mesa Detention Facility","San Diego","CA"
119,119,"Eden Detention Center","Eden","TX","Eden Detention Center","Eden","TX"
120,120,"El Paso County Detention Facility","El Paso","TX","El Paso County Detention Facility","El Paso","TX"
121,121,"El Paso Service Processing Center","El Paso","TX","El Paso Service Processing Center","El Paso","TX"
122,122,"El Valle Detention Facility","Raymondville","TX","El Valle Detention Facility","Raymondville","TX"
123,123,"Elizabeth Detention Center","Elizabeth","NJ","Elizabeth Detention Center","Elizabeth","NJ"
124,124,"Elmore County Jail","Mountain Home","ID","Elmore County Jail","Mountain Home","ID"
125,125,"Eloy Detention Center","Eloy","AZ","Eloy Detention Center","Eloy","AZ"
126,126,"Erie County Jail","Erie","PA","Erie County Jail","Erie","PA"
127,127,"Delaney Hall Detention Facility","Newark","NJ","Essex County Correctional Facility","Newark","NJ"
128,129,"Etowah County Jail","Gadsden","AL","Etowah County Jail","Gadsden","AL"
129,129,"Etowah County Jail","Gadsden","AL","Etowah County Jail (Alabama)","Gadsden","AL"
130,130,"Euless City Jail","Euless","TX","Euless City Jail","Euless","TX"
131,131,"FCI Atlanta","Atlanta","GA","FCI Atlanta","Atlanta","GA"
132,132,"FDC Philadelphia","Philadelphia","PA","FDC Philadelphia","Philadelphia","PA"
133,307,"Farmville Detention Center","Farmville","VA","Farmville Detention Center","Farmville","VA"
134,134,"Fayette County Detention Center","Lexington","KY","Fayette County Detention Center","Lexington","KY"
135,135,"Finney County Jail","Garden City","KS","Finney County Jail","Garden City","KS"
136,136,"Florence Service Processing Center","Florence","AZ","Florence Service Processing Center","Florence","AZ"
137,137,"Florence Staging Facility","Florence","AZ","Florence Staging Facility","Florence","AZ"
138,138,"Florida Soft-Sided Facility","Ochopee","FL","Florida Soft-Sided Facility","Ochopee","FL"
139,139,"Floyd County Jail","Rome","GA","Floyd County Jail","Rome","GA"
140,140,"Folkston Annex IPC","Folkston","GA","Folkston Annex IPC","Folkston","GA"
141,141,"Folkston ICE Processing Center","Folkston","GA","Folkston ICE Processing Center","Folkston","GA"
142,227,"Folkston Main IPC","Folkston","GA","Folkston Main IPC","Folkston","GA"
143,143,"Forsyth County Jail","Winston-Salem","NC","Forsyth County Jail","Winston-Salem","NC"
144,144,"Franklin County House of Correction","Greenfield","MA","Franklin County House of Correction","Greenfield","MA"
145,145,"Franklin County Jail","Chambersburg","PA","Franklin County Jail","Chambersburg","PA"
146,146,"Frederick County Detention Center","Frederick","MD","Frederick County Detention Center","Frederick","MD"
147,147,"Freeborn County Adult Detention Center","Albert Lea","MN","Freeborn County Adult Detention Center","Albert Lea","MN"
148,148,"Fulton County Jail Indiana","Rochester","IN","Fulton County Jail Indiana","Rochester","IN"
149,149,"Garvin County Detention Center","Pauls Valley","OK","Garvin County Detention Center","Pauls Valley","OK"
150,150,"Gaston County Jail","Gastonia","NC","Gaston County Jail","Gastonia","NC"
151,151,"Geauga County Jail","Chardon","OH","Geauga County Jail","Chardon","OH"
152,152,"Glades County Detention Center","Moore Haven","FL","Glades County Detention Center","Moore Haven","FL"
153,153,"Golden State Annex","McFarland","CA","Golden State Annex","McFarland","CA"
154,154,"Grand Forks County Correctional Facility","Grand Forks","ND","Grand Forks County Correctional Facility","Grand Forks","ND"
155,155,"Grayson County Jail","Leitchfield","KY","Grayson County Jail","Leitchfield","KY"
156,156,"Greene County Jail","Springfield","MO","Greene County Jail","Springfield","MO"
157,157,"Guaynabo MDC (San Juan)","San Juan","PR","Guaynabo MDC (San Juan)","San Juan","PR"
158,158,"Hall County Department of Corrections","Grand Island","NE","Hall County Department of Corrections","Grand Island","NE"
159,160,"Hancock County Public Safety Complex","Bay St. Louis","MS","Hancock County Pub Sfty Cplx","Bay St. Louis","MS"
160,160,"Hancock County Public Safety Complex","Bay St. Louis","MS","Hancock County Public Safety Complex","Bay St. Louis","MS"
161,161,"Hardin County Jail","Eldora","IA","Hardin County Jail","Eldora","IA"
162,162,"Henderson County Jail","Athens","TX","Henderson County Jail","Athens","TX"
163,164,"Henderson Detention","Henderson","NV","Henderson Detention","Henderson","NV"
164,164,"Henderson Detention","Henderson","NV","Henderson Detention Center","Henderson","NV"
165,165,"Hillsborough County Jail","Tampa","FL","Hillsborough County Jail","Tampa","FL"
166,166,"Holiday Inn Exp San Antonio","San Antonio","TX","Holiday Inn Exp San Antonio","San Antonio","TX"
167,167,"Holiday Inn Express-Casa De La Luz","Phoenix","AZ","Holiday Inn Express-Casa De La Luz","Phoenix","AZ"
168,168,"Honolulu Federal Detention Center","Honolulu","HI","Honolulu Federal Detention Center","Honolulu","HI"
169,169,"Hopkins County Jail","Madisonville","KY","Hopkins County Jail","Madisonville","KY"
170,170,"Houston Processing Center","Houston","TX","Houston Processing Center","Houston","TX"
171,171,"Howard County Detention Center","Jessup","MD","Howard County Detention Center","Jessup","MD"
172,172,"Hudson County Correctional Center","Kearny","NJ","Hudson County Correctional Center","Kearny","NJ"
173,173,"IAH Secure Adult Detention Facility (Polk)","Livingston","TX","IAH Secure Adult Detention Facility (Polk)","Livingston","TX"
174,307,"Farmville Detention Center","Farmville","VA","Ica - Farmville","Farmville","VA"
175,307,"Farmville Detention Center","Farmville","VA","Immigration Centers of America Farmville","Farmville","VA"
176,176,"Imperial Regional Detention Facility","Calexico","CA","Imperial Regional Detention Facility","Calexico","CA"
177,177,"Irwin County Detention Center","Ocilla","GA","Irwin County Detention Center","Ocilla","GA"
178,178,"JTF Camp Six","Guantanamo Bay","Cuba","JTF Camp Six","Guantanamo Bay","Cuba"
179,179,"Jack Harwell Detention Center","Waco","TX","Jack Harwell Detention Center","Waco","TX"
180,180,"Jackson Parish Correctional Center","Jonesboro","LA","Jackson Parish Correctional Center","Jonesboro","LA"
181,181,"James A. Musick Facility","Irvine","CA","James A. Musick Facility","Irvine","CA"
182,182,"Jefferson County Jail","Rigby","ID","Jefferson County Jail","Rigby","ID"
183,184,"Joe Corley Processing Center","Conroe","TX","Joe Corley ICE Processing Center","Conroe","TX"
184,184,"Joe Corley Processing Center","Conroe","TX","Joe Corley Processing Center","Conroe","TX"
185,185,"Johnson County Corrections Center","Cleburne","TX","Johnson County Corrections Center","Cleburne","TX"
186,186,"Kandiyohi County Jail","Willmar","MN","Kandiyohi County Jail","Willmar","MN"
187,187,"Kankakee County Jail (Jerome Combs Detention Center)","Kankakee","IL","Kankakee County Jail (Jerome Combs Detention Center)","Kankakee","IL"
188,188,"Kansas City Holdroom","Kansas City","MO","Kansas City Holdroom","Kansas City","MO"
189,192,"Karnes County Residential Center","Karnes City","TX","Karnes County Civil Detention Center","Karnes City","TX"
190,190,"Karnes County Correctional Center","Karnes City","TX","Karnes County Correctional Center","Karnes City","TX"
191,193,"Karnes County Immigration Processing Center","Karnes City","TX","Karnes County Immigration Processing Center","Karnes City","TX"
192,192,"Karnes County Residential Center","Karnes City","TX","Karnes County Residential Center","Karnes City","TX"
193,193,"Karnes County Immigration Processing Center","Karnes City","TX","Karnes County Residential Center2","Karnes City","TX"
194,194,"Kay County Justice Facility","Newkirk","OK","Kay County Justice Facility","Newkirk","OK"
195,195,"Kenosha County Detention Center","Kenosha","WI","Kenosha County Detention Center","Kenosha","WI"
196,196,"Kenton County Jail","Covington","KY","Kenton County Jail","Covington","KY"
197,197,"Kittitas County Jail","Ellensburg","WA","Kittitas County Jail","Ellensburg","WA"
198,198,"Knox County Detention Facility","Knoxville","TN","Knox County Detention Facility","Knoxville","TN"
199,199,"Krome North Service Processing Center","Miami","FL","Krome North Service Processing Center","Miami","FL"
200,201,"La Palma Correctional Center","Eloy","AZ","La Palma Correction Center - Apso","Eloy","AZ"
201,201,"La Palma Correctional Center","Eloy","AZ","La Palma Correctional Center","Eloy","AZ"
202,202,"La Paz County Adult Detention Facility","Parker","AZ","La Paz County Adult Detention Facility","Parker","AZ"
203,203,"La Quinta Inn By Wyndham Sna","San Antonio","TX","La Quinta Inn By Wyndham Sna","San Antonio","TX"
204,204,"La Quinta-Wyndham-Casa De Paz","Pearsall","TX","La Quinta-Wyndham-Casa De Paz","Pearsall","TX"
205,205,"La Salle County Regional Detention Center","Encinal","TX","La Salle County Regional Detention Center","Encinal","TX"
206,206,"Lake County Jail","Tavares","FL","Lake County Jail","Tavares","FL"
207,207,"Laramie County Jail","Cheyenne","WY","Laramie County Jail","Cheyenne","WY"
208,208,"Laredo Processing Center","Laredo","TX","Laredo Processing Center","Laredo","TX"
209,209,"Lasalle Correctional Center Olla","Olla","LA","Lasalle Correctional Center Olla","Olla","LA"
210,210,"Central Louisiana ICE Processing Center (CLIPC)","Jena","LA","Lasalle ICE Processing Center (Jena)","Jena","LA"
211,211,"Laurel County Correctional Center","London","KY","Laurel County Correctional Center","London","KY"
212,212,"Lawrence County","Deadwood","SD","Lawrence County","Deadwood","SD"
213,213,"Leavenworth US Penitentiary","Leavenworth","KS","Leavenworth US Penitentiary","Leavenworth","KS"
214,214,"Lehigh County Jail (Pennsylvania)","Allentown","PA","Lehigh County Jail (Pennsylvania)","Allentown","PA"
215,215,"Levy County Jail","Bronson","FL","Levy County Jail","Bronson","FL"
216,216,"Lexington County Jail","Lexington","SC","Lexington County Jail","Lexington","SC"
217,217,"Limestone County Detention Center","Groesbeck","TX","Limestone County Detention Center","Groesbeck","TX"
218,218,"Lincoln County Detention Center","Troy","MO","Lincoln County Detention Center","Troy","MO"
219,219,"Lincoln County Jail","North Platte","NE","Lincoln County Jail","North Platte","NE"
220,220,"Linn County Jail","Cedar Rapids","IA","Linn County Jail","Cedar Rapids","IA"
221,221,"Logan County Jail","Guthrie","OK","Logan County Jail","Guthrie","OK"
222,222,"Lonoke Police Department","Lonoke","AR","Lonoke Police Department","Lonoke","AR"
223,223,"Louisiana ICE Processing","Angola","LA","Louisiana ICE Processing","Angola","LA"
224,224,"Lubbock County Detention Center","Lubbock","TX","Lubbock County Detention Center","Lubbock","TX"
225,225,"Madison County Jail","Canton","MS","Madison County Jail","Canton","MS"
226,226,"Mahoning County Jail","Youngstown","OH","Mahoning County Jail","Youngstown","OH"
227,227,"Folkston Main IPC","Folkston","GA","Main - Folkston IPC (D Ray James)","Folkston","GA"
228,228,"Marion County Jail","Indianapolis","IN","Marion County Jail","Indianapolis","IN"
229,229,"Marshall County Jail","Marshalltown","IA","Marshall County Jail","Marshalltown","IA"
230,230,"Martin County Jail","Stuart","FL","Martin County Jail","Stuart","FL"
231,231,"Mccook Detention Center","McCook","NE","Mccook Detention Center","McCook","NE"
232,232,"Mchenry County Correctional Facility","Woodstock","IL","Mchenry County Correctional Facility","Woodstock","IL"
233,233,"Mesa Verde ICE Processing Center","Bakersfield","CA","Mesa Verde ICE Processing Center","Bakersfield","CA"
234,234,"Miami Correctional Center","Bunker Hill","IN","Miami Correctional Center","Bunker Hill","IN"
235,235,"Miami Federal Detention","Miami","FL","Miami Federal Detention","Miami","FL"
236,236,"Miami Staging Facility","Miami","FL","Miami Staging Facility","Miami","FL"
237,237,"Midland County Detention Center","Midland","TX","Midland County Detention Center","Midland","TX"
238,238,"Miller County Jail","Texarkana","AR","Miller County Jail","Texarkana","AR"
239,239,"Minicassia Detention Center","Burley","ID","Minicassia Detention Center","Burley","ID"
240,240,"Minnehaha County Jail","Sioux Falls","SD","Minnehaha County Jail","Sioux Falls","SD"
241,241,"Monroe County Detention Center","Key West","FL","Monroe County Detention Center","Key West","FL"
242,242,"Monroe County Detention-Dorm","Monroe","MI","Monroe County Detention-Dorm","Monroe","MI"
243,243,"Montgomery City Jail","Montgomery","AL","Montgomery City Jail","Montgomery","AL"
244,244,"Montgomery County Jail","Fonda","NY","Montgomery County Jail","Fonda","NY"
245,245,"Montgomery County Jail","Montgomery City","MO","Montgomery County Jail","Montgomery City","MO"
246,246,"Montgomery ICE Processing Center","Conroe","TX","Montgomery ICE Processing Center","Conroe","TX"
247,247,"Morgan County Adult Detention Center","Versailles","MO","Morgan County Adult Detention Center","Versailles","MO"
248,248,"Morrow County Correctional Facility","Mount Gilead","OH","Morrow County Correctional Facility","Mount Gilead","OH"
249,250,"Moshannon Valley Processing Center","Philipsburg","PA","Moshannon Valley Correctional","Philipsburg","PA"
250,250,"Moshannon Valley Processing Center","Philipsburg","PA","Moshannon Valley Processing Center","Philipsburg","PA"
251,251,"Muscatine County Jail","Muscatine","IA","Muscatine County Jail","Muscatine","IA"
252,252,"Nassau County Correctional Center","East Meadow","NY","Nassau County Correctional Center","East Meadow","NY"
253,253,"Natchitoches Parish Detention. Center","Natchitoches","LA","Natchitoches Parish Detention. Center","Natchitoches","LA"
254,254,"Natrona County Jail","Casper","WY","Natrona County Jail","Casper","WY"
255,255,"Nelson Coleman Correction","Killona","LA","Nelson Coleman Correction","Killona","LA"
256,256,"Nevada Southern Detention Center","Pahrump","NV","Nevada Southern Detention Center","Pahrump","NV"
257,257,"New Hanover County Jail","Castle Hayne","NC","New Hanover County Jail","Castle Hayne","NC"
258,258,"Niagara County Jail","Lockport","NY","Niagara County Jail","Lockport","NY"
259,259,"Nobles County Jail","Worthington","MN","Nobles County Jail","Worthington","MN"
260,260,"North Central Regional Jail","Greenwood","WV","North Central Regional Jail","Greenwood","WV"
261,262,"North Lake Correctional Facility","Baldwin","MI","North Lake Correctional F","Baldwin","MI"
262,262,"North Lake Correctional Facility","Baldwin","MI","North Lake Correctional Facility","Baldwin","MI"
263,264,"Northeast Ohio Correctional Center","Youngstown","OH","Northeast Ohio Correctional Center","Youngstown","OH"
264,264,"Northeast Ohio Correctional Center","Youngstown","OH","Northeast Ohio Correctional Center (Youngstown Cdf)","Youngstown","OH"
265,265,"Northern Oregon Correctional Facility","The Dalles","OR","Northern Oregon Correctional Facility","The Dalles","OR"
266,266,"Northern Oregon Juvenile Detention","The Dalles","OR","Northern Oregon Juvenile Detention","The Dalles","OR"
267,267,"Northern Regional Jail","Moundsville","WV","Northern Regional Jail","Moundsville","WV"
268,361,"Northwest ICE Processing Center","Tacoma","WA","Northwest ICE Processing Center","Tacoma","WA"
269,361,"Northwest ICE Processing Center","Tacoma","WA","Northwest ICE Procsesing Center","Tacoma","WA"
270,270,"Northwest Regional Corrections Center","Crookston","MN","Northwest Regional Corrections Center","Crookston","MN"
271,271,"Northwest State Correctional Center","Swanton","VT","Northwest State Correctional Center","Swanton","VT"
272,273,"Nye County Detention Center (Nevada)","Pahrump","NV","Nye County Detention Center, Southern (Pahrump)","Pahrump","NV"
273,273,"Nye County Detention Center (Nevada)","Pahrump","NV","Nye County Sheriff-Pahrump","Pahrump","NV"
274,274,"Odo Inspection End Date Is The Date The Final Report Was Issued.",NA,NA,"Odo Inspection End Date Is The Date The Final Report Was Issued.",NA,NA
275,275,"Odo Inspections Are Conducted On A Semi-Annual Basis. The Reportable Inspections Are Listed.",NA,NA,"Odo Inspections Are Conducted On A Semi-Annual Basis. The Reportable Inspections Are Listed.",NA,NA
276,276,"Ogle County Jail","Oregon","IL","Ogle County Jail","Oregon","IL"
277,277,"Okmulgee County Jail","Okmulgee","OK","Okmulgee County Jail","Okmulgee","OK"
278,278,"Oldham County Detention Center","La Grange","KY","Oldham County Detention Center","La Grange","KY"
279,279,"Oldham County Jail","La Grange","KY","Oldham County Jail","La Grange","KY"
280,283,"Orange County Jail (New York)","Goshen","NY","Orange County Jail","Goshen","NY"
281,282,"Orange County Jail (Florida)","Orlando","FL","Orange County Jail","Orlando","FL"
282,282,"Orange County Jail (Florida)","Orlando","FL","Orange County Jail (Florida)","Orlando","FL"
283,283,"Orange County Jail (New York)","Goshen","NY","Orange County Jail (New York)","Goshen","NY"
284,285,"Otay Mesa Detention Center","San Diego","CA","Otay Mesa Detention Center","San Diego","CA"
285,285,"Otay Mesa Detention Center","San Diego","CA","Otay Mesa Detention Center (San Diego Cdf)","San Diego","CA"
286,286,"Otero County Detention","Alamogordo","NM","Otero County Detention","Alamogordo","NM"
287,287,"Otero County Processing Center","Chaparral","NM","Otero County Processing Center","Chaparral","NM"
288,288,"Ozark County Sheriff's Office","Gainesville","MO","Ozark County Sheriff's Office","Gainesville","MO"
289,289,"Pennington County Jail (South Dakota)","Rapid City","SD","Pennington County Jail (South Dakota)","Rapid City","SD"
290,292,"Phelps County Jail (Nebraska)","Holdrege","NE","Phelps County Jail","Holdrege","NE"
291,291,"Phelps County Jail (Missouri)","Rolla","MO","Phelps County Jail (Missouri)","Rolla","MO"
292,292,"Phelps County Jail (Nebraska)","Holdrege","NE","Phelps County Jail (Nebraska)","Holdrege","NE"
293,293,"Pickens County Detention Center","Carrollton","AL","Pickens County Detention Center","Carrollton","AL"
294,295,"Pike County Jail","Lords Valley","PA","Pike County Correctional Facility","Lords Valley","PA"
295,295,"Pike County Jail","Lords Valley","PA","Pike County Jail","Lords Valley","PA"
296,296,"Pine Prairie ICE Processing Center","Pine Prairie","LA","Pine Prairie ICE Processing Center","Pine Prairie","LA"
297,297,"Pinellas County Jail","Clearwater","FL","Pinellas County Jail","Clearwater","FL"
298,298,"Platte County Detention Center","Platte City","MO","Platte County Detention Center","Platte City","MO"
299,299,"Platte County Jail","Wheatland","WY","Platte County Jail","Wheatland","WY"
300,300,"Plymouth County Correctional Facility","Plymouth","MA","Plymouth County Correctional Facility","Plymouth","MA"
301,301,"Polk County Jail","Des Moines","IA","Polk County Jail","Des Moines","IA"
302,317,"Port Isabel Detention Center","Los Fresnos","TX","Port Isabel","Los Fresnos","TX"
303,317,"Port Isabel Detention Center","Los Fresnos","TX","Port Isabel Detention Center","Los Fresnos","TX"
304,304,"Pottawattamie County Jail","Council Bluffs","IA","Pottawattamie County Jail","Council Bluffs","IA"
305,306,"Prairieland Detention Center","Alvarado","TX","Prairieland Detention Center","Alvarado","TX"
306,306,"Prairieland Detention Center","Alvarado","TX","Prairieland Detention Facility","Alvarado","TX"
307,307,"Farmville Detention Center","Farmville","VA","Prince Edward County (Farmville)","Farmville","VA"
308,308,"Pulaski County Jail","Ullin","IL","Pulaski County Jail","Ullin","IL"
309,309,"Putnam County Sheriff","Cookeville","TN","Putnam County Sheriff","Cookeville","TN"
310,310,"Randall County Jail","Amarillo","TX","Randall County Jail","Amarillo","TX"
311,311,"Red Roof Inn","Seatac","WA","Red Roof Inn","Seatac","WA"
312,312,"Rensselaer County Correctional Facility","Troy","NY","Rensselaer County Correctional Facility","Troy","NY"
313,314,"Richwood Correctional Center","Monroe","LA","Richwood Correctional Center","Monroe","LA"
314,314,"Richwood Correctional Center","Monroe","LA","Richwood Correctional Center","Richwood","LA"
315,315,"Rio Grande County Jail","Del Norte","CO","Rio Grande County Jail","Del Norte","CO"
316,316,"Rio Grande Detention Center","Laredo","TX","Rio Grande Detention Center","Laredo","TX"
317,317,"Port Isabel Detention Center","Los Fresnos","TX","Rio Grande Valley Staging","Los Fresnos","TX"
318,318,"River Correctional Center","Ferriday","LA","River Correctional Center","Ferriday","LA"
319,319,"Riverside County Sheriff","Riverside","CA","Riverside County Sheriff","Riverside","CA"
320,320,"Riverside Regional Jail","Hopewell","VA","Riverside Regional Jail","Hopewell","VA"
321,321,"Roanoke City Jail","Roanoke","VA","Roanoke City Jail","Roanoke","VA"
322,322,"Robert A. Deyton Detention Center","Lovejoy","GA","Robert A. Deyton Detention Center","Lovejoy","GA"
323,323,"Robert A. Deyton Detention Facility","Lovejoy","GA","Robert A. Deyton Detention Facility","Lovejoy","GA"
324,324,"Rockingham County Jail","Harrisonburg","VA","Rockingham County Jail","Harrisonburg","VA"
325,325,"Rolling Plains Detention Center","Haskell","TX","Rolling Plains Detention Center","Haskell","TX"
326,350,"St. Clair County Jail","Port Huron","MI","Saint Clair County Jail","Port Huron","MI"
327,327,"Saint Tammany Parish Jail","Covington","LA","Saint Tammany Parish Jail","Covington","LA"
328,328,"Saipan Department of Corrections (Susupe)","Saipan","MP","Saipan Department of Corrections (Susupe)","Saipan","MP"
329,329,"Saline County Jail","Wilber","NE","Saline County Jail","Wilber","NE"
330,330,"Salt Lake County Metro Jail","Salt Lake City","UT","Salt Lake County Metro Jail","Salt Lake City","UT"
331,331,"San Diego District Staging","San Diego","CA","San Diego District Staging","San Diego","CA"
332,332,"San Juan Staging","Guaynabo","PR","San Juan Staging","Guaynabo","PR"
333,333,"San Luis Regional Detention Center","San Luis","AZ","San Luis Regional Detention Center","San Luis","AZ"
334,334,"Sarpy County Jail","Papillion","NE","Sarpy County Jail","Papillion","NE"
335,335,"Sauk County Sheriff","Baraboo","WI","Sauk County Sheriff","Baraboo","WI"
336,336,"Sebastian County Detention Center","Fort Smith","AR","Sebastian County Detention Center","Fort Smith","AR"
337,337,"Seneca County Jail","Tiffin","OH","Seneca County Jail","Tiffin","OH"
338,338,"Shawnee County Department of Corrections","Topeka","KS","Shawnee County Department of Corrections","Topeka","KS"
339,339,"Sherburne County Jail","Elk River","MN","Sherburne County Jail","Elk River","MN"
340,340,"Sioux County Jail","Orange City","IA","Sioux County Jail","Orange City","IA"
341,341,"South Central Regional Jail","Charleston","WV","South Central Regional Jail","Charleston","WV"
342,343,"South Louisiana ICE Processing Center","Basile","LA","South Louisiana Detention Center","Basile","LA"
343,343,"South Louisiana ICE Processing Center","Basile","LA","South Louisiana ICE Processing Center","Basile","LA"
344,370,"Dilley Immigration Processing Center","Dilley","TX","South Texas Fam Residential Center","Dilley","TX"
345,345,"South Texas Family Residential Center","Dilley","TX","South Texas Family Residential Center","Dilley","TX"
346,370,"Dilley Immigration Processing Center","Dilley","TX","South Texas Family Residential Center3","Dilley","TX"
347,347,"South Texas ICE Processing Center","Pearsall","TX","South Texas ICE Processing Center","Pearsall","TX"
348,348,"Southern Regional","Beaver","WV","Southern Regional","Beaver","WV"
349,349,"Southwestern Regional Jail","Holden","WV","Southwestern Regional Jail","Holden","WV"
350,350,"St. Clair County Jail","Port Huron","MI","St. Clair County Jail","Port Huron","MI"
351,351,"Ste. Genevieve County Sheriff/Jail","Ste. Genevieve","MO","Ste. Genevieve County Sheriff/Jail","Ste. Genevieve","MO"
352,352,"Stewart Detention Center","Lumpkin","GA","Stewart Detention Center","Lumpkin","GA"
353,353,"Story County Jail","Nevada","IA","Story County Jail","Nevada","IA"
354,354,"Strafford County Corrections","Dover","NH","Strafford County Corrections","Dover","NH"
355,355,"Suffolk County House of Corrections","Boston","MA","Suffolk County House of Corrections","Boston","MA"
356,356,"Suites On Scottsdale-Casa De Alegría","Scottsdale","AZ","Suites On Scottsdale-Casa De Alegría","Scottsdale","AZ"
357,357,"Sunny Glen Cld Home Ndr Center","Raymondville","TX","Sunny Glen Cld Home Ndr Center","Raymondville","TX"
358,358,"Sweetwater County Jail","Rock Springs","WY","Sweetwater County Jail","Rock Springs","WY"
359,360,"T. Don Hutto Detention Center","Taylor","TX","T Don Hutto Residential Center","Taylor","TX"
360,360,"T. Don Hutto Detention Center","Taylor","TX","T. Don Hutto Detention Center","Taylor","TX"
361,361,"Northwest ICE Processing Center","Tacoma","WA","Tacoma ICE Processing Center (Northwest Detention Center)","Tacoma","WA"
362,362,"Tallahatchie County Correctional Facility","Tutwiler","MS","Tallahatchie County Correctional Facility","Tutwiler","MS"
363,363,"Teller County Jail","Divide","CO","Teller County Jail","Divide","CO"
364,364,"Tex Health Huguley Hosp","Burleson","TX","Tex Health Huguley Hosp","Burleson","TX"
365,365,"Theo Lacy Facility","Orange","CA","Theo Lacy Facility","Orange","CA"
366,366,"Tooele County Jail","Tooele","UT","Tooele County Jail","Tooele","UT"
367,367,"Tornillo-Guadalupe Poe","Tornillo","TX","Tornillo-Guadalupe Poe","Tornillo","TX"
368,368,"Torrance County Detention Facility","Estancia","NM","Torrance County Detention Facility","Estancia","NM"
369,369,"Trusted Adult Karnes Fsc","San Antonio","TX","Trusted Adult Karnes Fsc","San Antonio","TX"
370,370,"Dilley Immigration Processing Center","Dilley","TX","Trusted Adult South Tex Dilley Fsc","Dilley","TX"
371,371,"Tulsa County Jail (David L. Moss Justice Center)","Tulsa","OK","Tulsa County Jail (David L. Moss Justice Center)","Tulsa","OK"
372,372,"Turner Guilford Knight (TGK) Jail","Miami","FL","Turner Guilford Knight (TGK) Jail","Miami","FL"
373,373,"Two Bridges Regional Jail","Wiscasset","ME","Two Bridges Regional Jail","Wiscasset","ME"
374,374,"Uinta County Jail","Evanston","WY","Uinta County Jail","Evanston","WY"
375,375,"Val Verde Correctional Facility","Del Rio","TX","Val Verde Correctional Facility","Del Rio","TX"
376,376,"Victoria County Jail","Victoria","TX","Victoria County Jail","Victoria","TX"
377,377,"Virginia Peninsula Regional Jail","Williamsburg","VA","Virginia Peninsula Regional Jail","Williamsburg","VA"
378,378,"Wake County Sheriff Department","Raleigh","NC","Wake County Sheriff Department","Raleigh","NC"
379,379,"Wakulla County Jail","Crawfordville","FL","Wakulla County Jail","Crawfordville","FL"
380,380,"Walton County Jail","Defuniak Springs","FL","Walton County Jail","Defuniak Springs","FL"
381,381,"Ward County Jail","Minot","ND","Ward County Jail","Minot","ND"
382,382,"Washington County Detention Center","Fayetteville","AR","Washington County Detention Center","Fayetteville","AR"
383,384,"Washington County Jail (Purgatory Correctional Facility)","Hurricane","UT","Washington County Jail (Purgatory Correctional Facility","Hurricane","UT"
384,384,"Washington County Jail (Purgatory Correctional Facility)","Hurricane","UT","Washington County Jail (Purgatory Correctional Facility)","Hurricane","UT"
385,385,"Washoe County Jail","Reno","NV","Washoe County Jail","Reno","NV"
386,386,"Waukesha County Jail","Waukesha","WI","Waukesha County Jail","Waukesha","WI"
387,387,"Webb County Detention Center (CCA)","Laredo","TX","Webb County Detention Center (CCA)","Laredo","TX"
388,388,"Weber County Jail","Ogden","UT","Weber County Jail","Ogden","UT"
389,389,"West Texas Detention Facility","Sierra Blanca","TX","West Texas Detention Facility","Sierra Blanca","TX"
390,390,"Western Regional Jail And Correctional Facility","Barboursville","WV","Western Regional Jail And Correctional Facility","Barboursville","WV"
391,391,"Western Tennessee Detention Facility","Mason","TN","Western Tennessee Detention Facility","Mason","TN"
392,392,"Western Virginia Regional Jail","Salem","VA","Western Virginia Regional Jail","Salem","VA"
393,393,"Whitfield County Jail","Dalton","GA","Whitfield County Jail","Dalton","GA"
394,394,"Wingate-Wyndham Casa Esperanza","Yuma","AZ","Wingate-Wyndham Casa Esperanza","Yuma","AZ"
395,395,"Winn Correctional Center","Winnfield","LA","Winn Correctional Center","Winnfield","LA"
396,396,"Woodbury County Jail","Sioux City","IA","Woodbury County Jail","Sioux City","IA"
397,397,"Worcester County Jail","Snow Hill","MD","Worcester County Jail","Snow Hill","MD"
398,398,"Wyatt Detention Center","Central Falls","RI","Wyatt Detention Center","Central Falls","RI"
399,399,"Yakima County Department of Corrections","Yakima","WA","Yakima County Department of Corrections","Yakima","WA"
400,400,"Yankton County Jail","Yankton","SD","Yankton County Jail","Yankton","SD"
401,401,"York County Prison","York","PA","York County Prison","York","PA"
402,402,"Yuba County Jail","Marysville","CA","Yuba County Jail","Marysville","CA"
403,403,"[1] (Bcorcpa) Berks County Residential Center Houses Single Adults And No Longer House Family Units As of 11/27/21.",NA,NA,"[1] (Bcorcpa) Berks County Residential Center Houses Single Adults And No Longer House Family Units As of 11/27/21.",NA,NA
404,404,"[1] (Stfrctx) South Texas Family Residential Center Houses Single Adults And No Longer House Family Units As of 12/11/21.",NA,NA,"[1] (Stfrctx) South Texas Family Residential Center Houses Single Adults And No Longer House Family Units As of 12/11/21.",NA,NA
405,405,"[2] (Krnrctx) Karnes County Immigration Processing Center Houses Single Adults And No Longer House Family Units As of 11/10/21.",NA,NA,"[2] (Krnrctx) Karnes County Immigration Processing Center Houses Single Adults And No Longer House Family Units As of 11/10/21.",NA,NA
406,406,"[2] (Krnrctx) Karnes County Residential Center Houses Single Adults And No Longer House Family Units As of 11/10/21.",NA,NA,"[2] (Krnrctx) Karnes County Residential Center Houses Single Adults And No Longer House Family Units As of 11/10/21.",NA,NA
407,407,"[3] (Stfrctx) South Texas Family Residential Center Houses Single Adults And No Longer House Family Units As of 12/11/21.",NA,NA,"[3] (Stfrctx) South Texas Family Residential Center Houses Single Adults And No Longer House Family Units As of 12/11/21.",NA,NA
408,408,NA,NA,NA,NA,NA,NA
